File,Line,Column,Level,Category,Name,Warning,Suggestion,Note,CWEs,Context,Fingerprint
/home/capstone/Desktop/root/apparmor-2.13.3_pure/tests/regression/apparmor/chgrp.c,34,6,5,race,chown,"This accepts filename arguments; if an attacker can move those files, a race condition results. (CWE-362)",Use fchown( ) instead,,CWE-362,"	if (chown(argv[1], -1, gid) == -1) {",1b25b8ccd124172b71f868caf0982c13995cbd6d0fac332ccfea57f14755987f
/home/capstone/Desktop/root/apparmor-2.13.3_pure/tests/regression/apparmor/chmod.c,33,6,5,race,chmod,"This accepts filename arguments; if an attacker can move those files, a race condition results. (CWE-362)",Use fchmod( ) instead,,CWE-362,"	if (chmod(argv[1], mode) == -1) {",38490a45ac32832ced3b767066ce9d3351267ef2bbe9f61f6df32b2e76acb82e
/home/capstone/Desktop/root/apparmor-2.13.3_pure/tests/regression/apparmor/chown.c,33,6,5,race,chown,"This accepts filename arguments; if an attacker can move those files, a race condition results. (CWE-362)",Use fchown( ) instead,,CWE-362,"	if (chown(argv[1], uid, -1) == -1) {",e79035727e15a250a7165d7933f95de84655a526fb39bcfd2352eae1bfe283b3
/home/capstone/Desktop/root/apparmor-2.13.3_pure/binutils/aa_exec.c,69,2,4,format,vfprintf,"If format strings can be influenced by an attacker, they can be exploited (CWE-134)",Use a constant for the format specification,,CWE-134,"	vfprintf(stderr, fmt, args);",6c25caac18e46a84a9dc5a0b738a92c77aaf3a185ee35d002035c3bd178c9cb5
/home/capstone/Desktop/root/apparmor-2.13.3_pure/binutils/aa_exec.c,83,2,4,format,vfprintf,"If format strings can be influenced by an attacker, they can be exploited (CWE-134)",Use a constant for the format specification,,CWE-134,"	vfprintf(stderr, fmt, args);",6c25caac18e46a84a9dc5a0b738a92c77aaf3a185ee35d002035c3bd178c9cb5
/home/capstone/Desktop/root/apparmor-2.13.3_pure/binutils/aa_exec.c,96,2,4,format,vfprintf,"If format strings can be influenced by an attacker, they can be exploited (CWE-134)",Use a constant for the format specification,,CWE-134,"	vfprintf(stderr, fmt, args);",6c25caac18e46a84a9dc5a0b738a92c77aaf3a185ee35d002035c3bd178c9cb5
/home/capstone/Desktop/root/apparmor-2.13.3_pure/binutils/aa_exec.c,173,3,4,buffer,strcat,Does not check for buffer overflows when concatenating to destination [MS-banned] (CWE-120),"Consider using strcat_s, strncat, strlcat, or snprintf (warning: strncat is easily misused)",,CWE-120,"		strcat(name, namespace);",3e14b2237647a5b4174d749fa7d7c5bf35fae4cdfad45c5aa00fd3fc35e3cd82
/home/capstone/Desktop/root/apparmor-2.13.3_pure/binutils/aa_exec.c,178,3,4,buffer,strcat,Does not check for buffer overflows when concatenating to destination [MS-banned] (CWE-120),"Consider using strcat_s, strncat, strlcat, or snprintf (warning: strncat is easily misused)",,CWE-120,"		strcat(name, profile);",ac1f94cf3f776cd3a36357fb85e28f29a0a177d87714be07dd9cc0289c07cf8f
/home/capstone/Desktop/root/apparmor-2.13.3_pure/binutils/aa_exec.c,216,2,4,shell,execvp,This causes a new program to execute and is difficult to use safely (CWE-78),try using a library call that implements the same functionality if available,,CWE-78,"	execvp(argv[0], argv);",053dce70818b4a03dc9995a47be7b455711839ef6c997cb41e78530f74d0c97e
/home/capstone/Desktop/root/apparmor-2.13.3_pure/libraries/libapparmor/src/features.c,84,6,4,format,vsnprintf,"If format strings can be influenced by an attacker, they can be exploited, and note that sprintf variations do not always \0-terminate (CWE-134)",Use a constant for the format specification,,CWE-134,"	i = vsnprintf(fst->pos, remaining, fmt, args);",61cf6fe498dac88bcd75d5d4f2a61e1fd72241b5e535ce13793ea2e02db7df10
/home/capstone/Desktop/root/apparmor-2.13.3_pure/libraries/libapparmor/src/features.c,225,6,4,format,snprintf,"If format strings can be influenced by an attacker, they can be exploited, and note that sprintf variations do not always \0-terminate (CWE-134)",Use a constant for the format specification,,CWE-134,"	if (snprintf(features->hash, HASH_SIZE,",91f80d9c7a6dcb0cd3b2066a5d352ed1703b5abce1e8d51e5630babca80fc530
/home/capstone/Desktop/root/apparmor-2.13.3_pure/libraries/libapparmor/src/kernel.c,546,2,4,buffer,sprintf,Does not check for buffer overflows (CWE-120),"Use sprintf_s, snprintf, or vsnprintf",,CWE-120,"	sprintf(buf, ""%s %016lx^"", cmd, token);",79b1929768ba6fbfa6cb3bd364b3a2eca7e7249d58f0dd415541a6248aa81130
/home/capstone/Desktop/root/apparmor-2.13.3_pure/libraries/libapparmor/src/kernel.c,550,4,4,buffer,strcpy,Does not check for buffer overflows when copying to destination [MS-banned] (CWE-120),"Consider using snprintf, strcpy_s, or strlcpy (warning: strncpy easily misused)",,CWE-120,"			strcpy(pos, *hats);",2a3b750d9236d46bf2b27a9108fb70eb74435e972f00926129a6d92bca1675c3
/home/capstone/Desktop/root/apparmor-2.13.3_pure/libraries/libapparmor/src/private.c,113,2,4,format,vfprintf,"If format strings can be influenced by an attacker, they can be exploited (CWE-134)",Use a constant for the format specification,,CWE-134,"	vfprintf(stderr, fmt, args);",6c25caac18e46a84a9dc5a0b738a92c77aaf3a185ee35d002035c3bd178c9cb5
/home/capstone/Desktop/root/apparmor-2.13.3_pure/parser/parser.h,177,2,4,format,fprintf,"If format strings can be influenced by an attacker, they can be exploited (CWE-134)",Use a constant for the format specification,,CWE-134,"	fprintf(stderr, ""parser: "" fmt, ## args);	\",6725c9a8964d8168f6dd37f825f1db764b101d303e35cda79c4d70ec694d96b8
/home/capstone/Desktop/root/apparmor-2.13.3_pure/parser/parser.h,188,2,4,format,fprintf,"If format strings can be influenced by an attacker, they can be exploited (CWE-134)",Use a constant for the format specification,,CWE-134,"	fprintf(stderr, fmt, ## args);		\",657decd509cec6a1a7b33292fb96832dfbfc7984071fd39d44af07b07ec4b02b
/home/capstone/Desktop/root/apparmor-2.13.3_pure/parser/parser_alias.c,104,2,4,buffer,sprintf,Does not check for buffer overflows (CWE-120),"Use sprintf_s, snprintf, or vsnprintf",,CWE-120,"	sprintf(n, ""%s%s"", alias->to, target + strlen(alias->from));",13547b62891fdb04e9d002d59c2ff9784371632a75cf53b4afa7e5fc447bfa64
/home/capstone/Desktop/root/apparmor-2.13.3_pure/parser/parser_common.c,116,9,4,format,vfprintf,"If format strings can be influenced by an attacker, they can be exploited (CWE-134)",Use a constant for the format specification,,CWE-134,"        vfprintf(stderr, newfmt, arg);",6ca9cff2e92a0955fb0c62bb45345755cfa04ce5f54ede4ce2b3c310c454b06a
/home/capstone/Desktop/root/apparmor-2.13.3_pure/parser/parser_interface.c,384,3,4,buffer,sprintf,Does not check for buffer overflows (CWE-120),"Use sprintf_s, snprintf, or vsnprintf",,CWE-120,"		sprintf(name, ""%s//%s"", profile->parent->name, profile->name);",965fd62ea5f15f09d289df2c0d52f00f00cb0c36b6acae7618fa27cc2ada0cd0
/home/capstone/Desktop/root/apparmor-2.13.3_pure/parser/parser_main.c,903,7,4,race,access,"This usually indicates a security flaw.  If an attacker can change anything along the path between the call to access() and the file's actual use (e.g., by moving files), the attacker can exploit the race condition (CWE-362/CWE-367!)","Set up the correct permissions (e.g., using setuid()) and try to open the file directly",,CWE-362/CWE-367!,"		if (access(target, R_OK) == 0)",3d64c8e11c2983a487c8287c77d317a64a5df6c50bebf7316d468d37290d1994
/home/capstone/Desktop/root/apparmor-2.13.3_pure/parser/parser_misc.c,47,30,4,format,fprintf,"If format strings can be influenced by an attacker, they can be exploited (CWE-134)",Use a constant for the format specification,,CWE-134,"#define PDEBUG(fmt, args...) fprintf(stderr, ""Lexer: "" fmt, ## args)",21e8cc39cb026ac5edb400105465a0d7bf10932a8fc649c8e6c3195f321c98a0
/home/capstone/Desktop/root/apparmor-2.13.3_pure/parser/parser_misc.c,692,4,4,format,fprintf,"If format strings can be influenced by an attacker, they can be exploited (CWE-134)",Use a constant for the format specification,,CWE-134,"			fprintf(stderr, err, label);",e5b5ea399ad856342b330223d176a036778320fcc2c60c90aa5f995de3dd4b7c
/home/capstone/Desktop/root/apparmor-2.13.3_pure/parser/parser_policy.c,39,30,4,format,fprintf,"If format strings can be influenced by an attacker, they can be exploited (CWE-134)",Use a constant for the format specification,,CWE-134,"#define PDEBUG(fmt, args...) fprintf(stderr, ""Lexer: "" fmt, ## args)",21e8cc39cb026ac5edb400105465a0d7bf10932a8fc649c8e6c3195f321c98a0
/home/capstone/Desktop/root/apparmor-2.13.3_pure/parser/parser_policy.c,119,4,4,buffer,sprintf,Does not check for buffer overflows (CWE-120),"Use sprintf_s, snprintf, or vsnprintf",,CWE-120,"			sprintf(name, ""%s//%s"", prof->name, entry->nt_name);",4a31e00d0908b9acee968887c8bd0d1ac2cd139557e095c1dd23d8010ab319e4
/home/capstone/Desktop/root/apparmor-2.13.3_pure/parser/unit_test.h,41,9,4,format,vsnprintf,"If format strings can be influenced by an attacker, they can be exploited, and note that sprintf variations do not always \0-terminate (CWE-134)",Use a constant for the format specification,,CWE-134,"        vsnprintf(buf, sizeof(buf), msg, arg);",b33da555b68f3190e497125bd1b52a6f9c04af0bdce664f0da8d2e353723ff8e
/home/capstone/Desktop/root/apparmor-2.13.3_pure/tests/regression/apparmor/access.c,47,5,4,race,access,"This usually indicates a security flaw.  If an attacker can change anything along the path between the call to access() and the file's actual use (e.g., by moving files), the attacker can exploit the race condition (CWE-362/CWE-367!)","Set up the correct permissions (e.g., using setuid()) and try to open the file directly",,CWE-362/CWE-367!,"	rc=access(path, mode);",e38fd0fa0ddbbf55dcb2a646a64126cf2d782a6d70f9f18663c29d7371345f82
/home/capstone/Desktop/root/apparmor-2.13.3_pure/tests/regression/apparmor/changehat_wrapper.c,109,5,4,buffer,strcpy,Does not check for buffer overflows when copying to destination [MS-banned] (CWE-120),"Consider using snprintf, strcpy_s, or strlcpy (warning: strncpy easily misused)",,CWE-120,"				strcpy(manual_string, optarg);",ebcacbecd6275c895492503d95f6f794cdac70b69f33c36b0c0fbbb98add0980
/home/capstone/Desktop/root/apparmor-2.13.3_pure/tests/regression/apparmor/changehat_wrapper.c,157,3,4,buffer,sprintf,Does not check for buffer overflows (CWE-120),"Use sprintf_s, snprintf, or vsnprintf",,CWE-120,"		sprintf (pname, ""%s"", argv[optind]);",651eca34404152b6d5e9f307d031bec76d3836b9ada56dc35a165572b2bca55e
/home/capstone/Desktop/root/apparmor-2.13.3_pure/tests/regression/apparmor/changehat_wrapper.c,177,8,4,shell,execv,This causes a new program to execute and is difficult to use safely (CWE-78),try using a library call that implements the same functionality if available,,CWE-78,"		exit(execv(pname, &argv[optind]));",6590ada7172dce78f5702daa91afdce8fb6df276d7cac8d3e77fda88460030e6
/home/capstone/Desktop/root/apparmor-2.13.3_pure/tests/regression/apparmor/dropprivs_wrapper.c,65,2,4,buffer,sprintf,Does not check for buffer overflows (CWE-120),"Use sprintf_s, snprintf, or vsnprintf",,CWE-120,"	sprintf (pname, ""./%s"", argv[1]);",55d63b5cfc7ad959b7306d4879b269a9f2dff5dd09c35936defaaa92380b7a3e
/home/capstone/Desktop/root/apparmor-2.13.3_pure/tests/regression/apparmor/dropprivs_wrapper.c,67,7,4,shell,execv,This causes a new program to execute and is difficult to use safely (CWE-78),try using a library call that implements the same functionality if available,,CWE-78,"	exit(execv(pname, &argv[1]));",75a6b070596c12df763c269bdbe19225b5dcde03166647b9f1ddd2e80cfeba56
/home/capstone/Desktop/root/apparmor-2.13.3_pure/tests/regression/apparmor/environ.c,72,12,4,shell,execl,This causes a new program to execute and is difficult to use safely (CWE-78),try using a library call that implements the same functionality if available,,CWE-78,"		retval = execl(argv[1], argv[1], argv[2], (char *) NULL);",12316889a48f7ecdde5d0673038fce58ad402b70734506e711259ad54d93981e
/home/capstone/Desktop/root/apparmor-2.13.3_pure/tests/regression/apparmor/fd_inheritance.c,55,2,4,shell,execl,This causes a new program to execute and is difficult to use safely (CWE-78),try using a library call that implements the same functionality if available,,CWE-78,"	execl(argv[2], argv[2], fd_str, buf, NULL);",1564fe95d4e466d9b69eb7f24c872cfabe25722ef686a4750542519173c56e66
/home/capstone/Desktop/root/apparmor-2.13.3_pure/tests/regression/apparmor/link_subset.c,156,2,4,buffer,sprintf,Does not check for buffer overflows (CWE-120),"Use sprintf_s, snprintf, or vsnprintf",,CWE-120,"	sprintf(buffer, ""%s%s"", name, perms);",491f44854149229847ca4bcb29ff723c1f838391d0256139dacd617b523ed6f5
/home/capstone/Desktop/root/apparmor-2.13.3_pure/tests/regression/apparmor/link_subset.c,219,4,4,buffer,sprintf,Does not check for buffer overflows (CWE-120),"Use sprintf_s, snprintf, or vsnprintf",,CWE-120,"			sprintf(lname, ""%s%s:%s"", argv[2], perms, perms);",9dd1f4a190fa1e1ce3459799ade1d84b89c2952c78a947bdae8db8f4bb945479
/home/capstone/Desktop/root/apparmor-2.13.3_pure/tests/regression/apparmor/link_subset.c,220,4,4,buffer,strcpy,Does not check for buffer overflows when copying to destination [MS-banned] (CWE-120),"Consider using snprintf, strcpy_s, or strlcpy (warning: strncpy easily misused)",,CWE-120,"			strcpy(b, lname);",659889931f9e2d5081756e77400738297a075d7c097e2deb6f90c4a1af443e9f
/home/capstone/Desktop/root/apparmor-2.13.3_pure/tests/regression/apparmor/ptrace.c,232,7,4,format,fprintf,"If format strings can be influenced by an attacker, they can be exploited (CWE-134)",Use a constant for the format specification,,CWE-134,"				  fprintf(stderr, usage, argv[0]);",636361de6b9002d3896221a34b2ef7dc195aaf63cfe409905dde95cf39f4ec4b
/home/capstone/Desktop/root/apparmor-2.13.3_pure/tests/regression/apparmor/ptrace.c,238,3,4,format,fprintf,"If format strings can be influenced by an attacker, they can be exploited (CWE-134)",Use a constant for the format specification,,CWE-134,"		fprintf(stderr, usage, argv[0]);",636361de6b9002d3896221a34b2ef7dc195aaf63cfe409905dde95cf39f4ec4b
/home/capstone/Desktop/root/apparmor-2.13.3_pure/tests/regression/apparmor/query_label.c,240,2,4,buffer,strcpy,Does not check for buffer overflows when copying to destination [MS-banned] (CWE-120),"Consider using snprintf, strcpy_s, or strlcpy (warning: strncpy easily misused)",,CWE-120,"	strcpy(to, label);",a887e789119e705b3bf27d7835cfacff959ab0e5d016ee9c633dfbb5aaf36429
/home/capstone/Desktop/root/apparmor-2.13.3_pure/tests/regression/apparmor/readdir.c,39,2,4,format,vprintf,"If format strings can be influenced by an attacker, they can be exploited (CWE-134)",Use a constant for the format specification,,CWE-134,"	vprintf(format, arg);",407ab19265ea7a8cb7c677dc5aa98681cd85624d67f2ee60d6e956fabefeedcd
/home/capstone/Desktop/root/apparmor-2.13.3_pure/tests/regression/apparmor/socketpair.c,140,2,4,shell,execv,This causes a new program to execute and is difficult to use safely (CWE-78),try using a library call that implements the same functionality if available,,CWE-78,"	execv(argv[0], argv);",bac81e398220718dfd565f6029e2ef5be7c0062f07b43ca5dccf9ab83eb2b916
/home/capstone/Desktop/root/apparmor-2.13.3_pure/tests/regression/apparmor/transition.c,288,2,4,shell,execv,This causes a new program to execute and is difficult to use safely (CWE-78),try using a library call that implements the same functionality if available,,CWE-78,"	execv(prog, argv);",200a9412916f4d98ab29490cd434a1d5fbfabfe12e45c01f53ab35b212a38458
/home/capstone/Desktop/root/apparmor-2.13.3_pure/tests/regression/apparmor/unix_fd_client.c,41,2,4,buffer,strcpy,Does not check for buffer overflows when copying to destination [MS-banned] (CWE-120),"Consider using snprintf, strcpy_s, or strlcpy (warning: strncpy easily misused)",,CWE-120,"	strcpy(remote.sun_path, argv[1]);",10a0d8b2a3612ddda2c7b20dcbc94e02ee4f19f58105545be010ec777662c14d
/home/capstone/Desktop/root/apparmor-2.13.3_pure/tests/regression/apparmor/unix_fd_server.c,76,2,4,buffer,strcpy,Does not check for buffer overflows when copying to destination [MS-banned] (CWE-120),"Consider using snprintf, strcpy_s, or strlcpy (warning: strncpy easily misused)",,CWE-120,"	strcpy(local.sun_path, argv[2]);",25289e11c7849290259fe3422ddf37a12abb370a85d69a648e8de6aebccaa760
/home/capstone/Desktop/root/apparmor-2.13.3_pure/tests/regression/apparmor/unix_fd_server.c,95,3,4,shell,execlp,This causes a new program to execute and is difficult to use safely (CWE-78),try using a library call that implements the same functionality if available,,CWE-78,"		execlp(argv[3], argv[3], argv[2], NULL);",386d984b235ec4e8820f60f17bf3f8bc297eeabecce81ccadec5c5d897426749
/home/capstone/Desktop/root/apparmor-2.13.3_pure/tests/regression/apparmor/unix_socket.c,220,3,4,shell,execl,This causes a new program to execute and is difficult to use safely (CWE-78),try using a library call that implements the same functionality if available,,CWE-78,"		execl(argv[4], argv[4], sun_path, argv[2], fd_number, NULL);",f80bf0cebabb46f19df6e129a0ed1339370504a3919c177e220448e4df6dcb81
/home/capstone/Desktop/root/apparmor-2.13.3_pure/tests/regression/apparmor/unix_socket_client.c,95,3,4,buffer,strcpy,Does not check for buffer overflows when copying to destination [MS-banned] (CWE-120),"Consider using snprintf, strcpy_s, or strlcpy (warning: strncpy easily misused)",,CWE-120,"		strcpy(addr.sun_path + peer_path_len, SUN_PATH_SUFFIX);",fbf7887d5927cf3c278fcd9c2c15c3d7a925a5ec36f720a3230d414afbaca8f1
/home/capstone/Desktop/root/apparmor-2.13.3_pure/binutils/aa_exec.c,123,16,3,buffer,getopt_long,"Some older implementations do not protect against internal buffer overflows (CWE-120, CWE-20)","Check implementation on installation, or limit the size of all string inputs",,"CWE-120, CWE-20","	while ((opt = getopt_long(argc, argv, ""+dhp:n:iv"", long_opts, NULL)) != -1) {",825efe1b8bdfde9141c382dad6eb3d041c4315221229c834d81200deb34d63bf
/home/capstone/Desktop/root/apparmor-2.13.3_pure/parser/parser_main.c,672,14,3,buffer,getopt_long,"Some older implementations do not protect against internal buffer overflows (CWE-120, CWE-20)","Check implementation on installation, or limit the size of all string inputs",,"CWE-120, CWE-20","	while ((c = getopt_long(argc, argv, short_options, long_options, &o)) != -1)",5229a20cd8ae2981a168e345431ac4dc4f4a48c9c6dd7b2bfdcf0e82bc66717c
/home/capstone/Desktop/root/apparmor-2.13.3_pure/parser/parser_main.c,689,14,3,buffer,getopt_long,"Some older implementations do not protect against internal buffer overflows (CWE-120, CWE-20)","Check implementation on installation, or limit the size of all string inputs",,"CWE-120, CWE-20","	while ((c = getopt_long(argc, argv, short_options, long_options, &o)) != -1)",5229a20cd8ae2981a168e345431ac4dc4f4a48c9c6dd7b2bfdcf0e82bc66717c
/home/capstone/Desktop/root/apparmor-2.13.3_pure/tests/regression/apparmor/changehat_wrapper.c,95,14,3,buffer,getopt_long,"Some older implementations do not protect against internal buffer overflows (CWE-120, CWE-20)","Check implementation on installation, or limit the size of all string inputs",,"CWE-120, CWE-20","	while ((c = getopt_long (argc, argv, ""+"", long_options, &o)) != -1) {",e2deca61d077eb5ef350ff22b6d45dfcd59cd57a1ae8f7da342acb254bd24e3e
/home/capstone/Desktop/root/apparmor-2.13.3_pure/tests/regression/apparmor/clone.c,68,14,3,buffer,getopt_long,"Some older implementations do not protect against internal buffer overflows (CWE-120, CWE-20)","Check implementation on installation, or limit the size of all string inputs",,"CWE-120, CWE-20","	while ((c = getopt_long (argc, argv, ""+hn"", long_options, NULL)) != -1) {",e80e47b2f1122d6d2342dfc4f602db89963a1298cc84c69a295f6c50c852d2d3
/home/capstone/Desktop/root/apparmor-2.13.3_pure/tests/regression/apparmor/env_check.c,28,11,3,buffer,getenv,"Environment variables are untrustable input if they can be set by an attacker.  They can have any content and length, and the same variable can be set more than once (CWE-807, CWE-20)",Check environment variables carefully before using them,,"CWE-807, CWE-20",	envval = getenv(var);,0d237e4a5f471dec8e944e4f2c6d0d04ff17023dcd7ef8060cc77487e7820971
/home/capstone/Desktop/root/apparmor-2.13.3_pure/tests/regression/apparmor/openat.c,43,14,3,buffer,getopt_long,"Some older implementations do not protect against internal buffer overflows (CWE-120, CWE-20)","Check implementation on installation, or limit the size of all string inputs",,"CWE-120, CWE-20","	while ((c = getopt_long (argc, argv, ""+hdr:"", long_options, NULL)) != -1) {",10a14cabe2d564108f703932daacb9f5531e15f190419182c4d06bc1e223a331
/home/capstone/Desktop/root/apparmor-2.13.3_pure/tests/regression/apparmor/ptrace.c,220,9,3,buffer,getopt,"Some older implementations do not protect against internal buffer overflows (CWE-120, CWE-20)","Check implementation on installation, or limit the size of all string inputs",,"CWE-120, CWE-20","		opt = getopt(argc, argv, ""chn:"");",714acd7d76eeccdd9ce442aa7b3b5dceb2e25ddb89be9a9c7fdf96bda30522ea
/home/capstone/Desktop/root/apparmor-2.13.3_pure/tests/regression/apparmor/ptrace_helper.c,14,16,3,buffer,getenv,"Environment variables are untrustable input if they can be set by an attacker.  They can have any content and length, and the same variable can be set more than once (CWE-807, CWE-20)",Check environment variables carefully before using them,,"CWE-807, CWE-20","char *tracer = getenv(""_tracer"");",fac7c760026b35f96c631aa9370f8c7fa6e5bb43aaee71e80f356fa32322c5bc
/home/capstone/Desktop/root/apparmor-2.13.3_pure/tests/regression/apparmor/socketpair.c,37,8,3,buffer,getenv,"Environment variables are untrustable input if they can be set by an attacker.  They can have any content and length, and the same variable can be set more than once (CWE-807, CWE-20)",Check environment variables carefully before using them,,"CWE-807, CWE-20",	fd0 = getenv(ENV_FD0);,e5548d93710f2b684b4d9b569445ae27ee0e41e3bb97d56fccc0b1ddda15d313
/home/capstone/Desktop/root/apparmor-2.13.3_pure/tests/regression/apparmor/socketpair.c,38,8,3,buffer,getenv,"Environment variables are untrustable input if they can be set by an attacker.  They can have any content and length, and the same variable can be set more than once (CWE-807, CWE-20)",Check environment variables carefully before using them,,"CWE-807, CWE-20",	fd1 = getenv(ENV_FD1);,589f7f3861570441842be3e6cdc55b43e64b1154516d9c9676a74b6ff64e0823
/home/capstone/Desktop/root/apparmor-2.13.3_pure/tests/regression/apparmor/syscall_chroot.c,93,6,3,misc,chroot,"chroot can be very helpful, but is hard to use correctly (CWE-250, CWE-22)","Make sure the program immediately chdir(""/""), closes file descriptors, and drops root privileges, and that all necessary files (and no more!) are in the new root",,"CWE-250, CWE-22",	if (chroot(argv[1]) == -1) {,99a91b9b7181c9d27f16ea3888fd27bd17f3d7077ab283d37131eace054376bf
/home/capstone/Desktop/root/apparmor-2.13.3_pure/tests/regression/apparmor/transition.c,344,14,3,buffer,getopt,"Some older implementations do not protect against internal buffer overflows (CWE-120, CWE-20)","Check implementation on installation, or limit the size of all string inputs",,"CWE-120, CWE-20","	while ((o = getopt(argc, argv, ""f:L:M:l:m:O:P:o:p:"")) != -1) {",2f1964a43b917c0d7c4c94d6bfdb318a1d01928755c8fbdaebc33f624f4e2029
/home/capstone/Desktop/root/apparmor-2.13.3_pure/binutils/aa_exec.c,174,3,2,buffer,strcat,Does not check for buffer overflows when concatenating to destination [MS-banned] (CWE-120),"Consider using strcat_s, strncat, strlcat, or snprintf (warning: strncat is easily misused)",Risk is low because the source is a constant string.,CWE-120,"		strcat(name, ""://"");",92659737bfceaffa277d4c6e843642c03b5ef6161788f360ff4182769d9bf68f
/home/capstone/Desktop/root/apparmor-2.13.3_pure/binutils/aa_exec.c,183,2,2,buffer,char,"Statically-sized arrays can be improperly restricted, leading to potential overflows or other issues (CWE-119!/CWE-120)","Perform bounds checking, use functions that limit length, or ensure that the size is larger than the maximum possible length",,CWE-119!/CWE-120,	char name[PATH_MAX];,8a28ff0d5e61ea6c379e36d2d4bf2ed809032e2bc4087c32b055b307af72aeb6
/home/capstone/Desktop/root/apparmor-2.13.3_pure/changehat/mod_apparmor/mod_apparmor.c,138,11,2,buffer,char,"Statically-sized arrays can be improperly restricted, leading to potential overflows or other issues (CWE-119!/CWE-120)","Perform bounds checking, use functions that limit length, or ensure that the size is larger than the maximum possible length",,CWE-119!/CWE-120,"    const char *aa_hat_array[6] = { NULL, NULL, NULL, NULL, NULL, NULL };",41edad7e4023722f7d3a07c4ffb61a956c8ac7fd5e746dff7b6c6e48a13edd36
/home/capstone/Desktop/root/apparmor-2.13.3_pure/changehat/pam_apparmor/pam_apparmor.c,100,7,2,misc,open,"Check when opening files - can an attacker redirect it (via symlinks), force the opening of special file type (e.g., device files), move things around to create a race condition, control its ancestors, or change its contents? (CWE-362)",,,CWE-362,"	fd = open(""/dev/urandom"", O_RDONLY);",f3dff9249a024b2533bc536d63ff11298c0ebe9ec4768f00506a45463ec7e865
/home/capstone/Desktop/root/apparmor-2.13.3_pure/changehat/tomcat_apparmor/tomcat_5_0/src/jni_src/JNIChangeHat.c,36,6,2,buffer,char,"Statically-sized arrays can be improperly restricted, leading to potential overflows or other issues (CWE-119!/CWE-120)","Perform bounds checking, use functions that limit length, or ensure that the size is larger than the maximum possible length",,CWE-119!/CWE-120,     char hatname[128];,5ca1fc08986d515c06e45ea509fa62007dba52749a84c13ffd19b0890d5a0f00
/home/capstone/Desktop/root/apparmor-2.13.3_pure/changehat/tomcat_apparmor/tomcat_5_5/src/jni_src/JNIChangeHat.c,36,6,2,buffer,char,"Statically-sized arrays can be improperly restricted, leading to potential overflows or other issues (CWE-119!/CWE-120)","Perform bounds checking, use functions that limit length, or ensure that the size is larger than the maximum possible length",,CWE-119!/CWE-120,     char hatname[128];,5ca1fc08986d515c06e45ea509fa62007dba52749a84c13ffd19b0890d5a0f00
/home/capstone/Desktop/root/apparmor-2.13.3_pure/libraries/libapparmor/src/features.c,44,2,2,buffer,char,"Statically-sized arrays can be improperly restricted, leading to potential overflows or other issues (CWE-119!/CWE-120)","Perform bounds checking, use functions that limit length, or ensure that the size is larger than the maximum possible length",,CWE-119!/CWE-120,	char hash[HASH_SIZE];,9b55fb1894dfb977fcf42fe6ff9bc5f98a7ff0d1cb3afd22590efc4e8077804a
/home/capstone/Desktop/root/apparmor-2.13.3_pure/libraries/libapparmor/src/features.c,45,2,2,buffer,char,"Statically-sized arrays can be improperly restricted, leading to potential overflows or other issues (CWE-119!/CWE-120)","Perform bounds checking, use functions that limit length, or ensure that the size is larger than the maximum possible length",,CWE-119!/CWE-120,	char string[STRING_SIZE];,9dc89c81b4588b4f7a4ad6f4dec9154a525901ca7337bbed95ef264986fdc99e
/home/capstone/Desktop/root/apparmor-2.13.3_pure/libraries/libapparmor/src/features.c,479,2,2,buffer,memcpy,Does not check for buffer overflows when copying to destination (CWE-120),Make sure destination can always hold the source data,,CWE-120,"	memcpy(f->string, string, size);",508cd307ac70fe9be3516e8d5807a1dec4efeedeb3f636ce80d5679e28661301
/home/capstone/Desktop/root/apparmor-2.13.3_pure/libraries/libapparmor/src/kernel.c,109,2,2,buffer,char,"Statically-sized arrays can be improperly restricted, leading to potential overflows or other issues (CWE-119!/CWE-120)","Perform bounds checking, use functions that limit length, or ensure that the size is larger than the maximum possible length",,CWE-119!/CWE-120,	char buffer[2];,9b8ce1cf06486abc685df642416df8b8aae27f093a09350da9de9726d94b04ea
/home/capstone/Desktop/root/apparmor-2.13.3_pure/libraries/libapparmor/src/kernel.c,120,7,2,misc,open,"Check when opening files - can an attacker redirect it (via symlinks), force the opening of special file type (e.g., device files), move things around to create a race condition, control its ancestors, or change its contents? (CWE-362)",,,CWE-362,"	fd = open(""/sys/module/apparmor/parameters/enabled"", O_RDONLY);",e0b87580fbebf6f2bddaaf9c1194e99cd7ef6e1d95502982e3ce3c0d1afc9680
/home/capstone/Desktop/root/apparmor-2.13.3_pure/libraries/libapparmor/src/kernel.c,271,7,2,misc,open,"Check when opening files - can an attacker redirect it (via symlinks), force the opening of special file type (e.g., device files), move things around to create a race condition, control its ancestors, or change its contents? (CWE-362)",,,CWE-362,"	fd = open(tmp, O_RDONLY);",93cd518e5720a154907ee4782229495b58e8c574ea6c066890b54736c5cdbab8
/home/capstone/Desktop/root/apparmor-2.13.3_pure/libraries/libapparmor/src/kernel.c,394,7,2,misc,open,"Check when opening files - can an attacker redirect it (via symlinks), force the opening of special file type (e.g., device files), move things around to create a race condition, control its ancestors, or change its contents? (CWE-362)",,,CWE-362,"	fd = open(ctl, O_WRONLY);",0f64ae5fa6bc9b583da29ef8889549ad80b28c64d41d6681ef7efce3d95dde0f
/home/capstone/Desktop/root/apparmor-2.13.3_pure/libraries/libapparmor/src/kernel.c,585,8,2,buffer,char,"Statically-sized arrays can be improperly restricted, leading to potential overflows or other issues (CWE-119!/CWE-120)","Perform bounds checking, use functions that limit length, or ensure that the size is larger than the maximum possible length",,CWE-119!/CWE-120,	const char *argv[nhats+1];,663e79021635a7db47308452d8aecdc5190e81c9cbc1410f05ec1910f6ee5a4f
/home/capstone/Desktop/root/apparmor-2.13.3_pure/libraries/libapparmor/src/kernel.c,824,2,2,buffer,char,"Statically-sized arrays can be improperly restricted, leading to potential overflows or other issues (CWE-119!/CWE-120)","Perform bounds checking, use functions that limit length, or ensure that the size is larger than the maximum possible length",,CWE-119!/CWE-120,	char buf[QUERY_LABEL_REPLY_LEN];,d674a1d74766e9184b18489a9867fa3e7f37e4ded25970c699c0d0b8620094f5
/home/capstone/Desktop/root/apparmor-2.13.3_pure/libraries/libapparmor/src/kernel.c,842,7,2,misc,open,"Check when opening files - can an attacker redirect it (via symlinks), force the opening of special file type (e.g., device files), move things around to create a race condition, control its ancestors, or change its contents? (CWE-362)",,,CWE-362,"	fd = open(aafs_access, O_RDWR);",cbde070556a7695238c2b8732a591cb023141d720f45d6e16e085fffb92f972d
/home/capstone/Desktop/root/apparmor-2.13.3_pure/libraries/libapparmor/src/kernel.c,849,2,2,buffer,memcpy,Does not check for buffer overflows when copying to destination (CWE-120),Make sure destination can always hold the source data,,CWE-120,"	memcpy(query, AA_QUERY_CMD_LABEL, AA_QUERY_CMD_LABEL_SIZE);",5c0a3a19bda05952cc64d48ce4213f1ba53cea2828afc6bc1d359b26f5038d53
/home/capstone/Desktop/root/apparmor-2.13.3_pure/libraries/libapparmor/src/kernel.c,923,2,2,buffer,memcpy,Does not check for buffer overflows when copying to destination (CWE-120),Make sure destination can always hold the source data,,CWE-120,"	memcpy(query + AA_QUERY_CMD_LABEL_SIZE, label, label_len);",9e65d894871fc5a994d8a39df2377bdc40b899c0da892c0ef80f689147d4f015
/home/capstone/Desktop/root/apparmor-2.13.3_pure/libraries/libapparmor/src/kernel.c,927,2,2,buffer,memcpy,Does not check for buffer overflows when copying to destination (CWE-120),Make sure destination can always hold the source data,,CWE-120,"	memcpy(query + AA_QUERY_CMD_LABEL_SIZE + label_len + 2, path, path_len);",551c2273acb8a322463dda756f4c481c2fc37ac2407c020d4a810c3642eaddc4
/home/capstone/Desktop/root/apparmor-2.13.3_pure/libraries/libapparmor/src/kernel.c,982,2,2,buffer,memcpy,Does not check for buffer overflows when copying to destination (CWE-120),Make sure destination can always hold the source data,,CWE-120,"	memcpy(query + pos, label, label_len);",5e874602a0cf95f17c993426ba02faf4c0ad8aa6aa1819f7b386b3fe06fae762
/home/capstone/Desktop/root/apparmor-2.13.3_pure/libraries/libapparmor/src/kernel.c,987,2,2,buffer,memcpy,Does not check for buffer overflows when copying to destination (CWE-120),Make sure destination can always hold the source data,,CWE-120,"	memcpy(query + pos + 1, link, link_len);",c14d9d735e586994e19ba1fef670d93d1eebc04f88402b9915d2b96e6dbe6b2d
/home/capstone/Desktop/root/apparmor-2.13.3_pure/libraries/libapparmor/src/kernel.c,1000,2,2,buffer,memcpy,Does not check for buffer overflows when copying to destination (CWE-120),Make sure destination can always hold the source data,,CWE-120,"	memcpy(query + pos + 1, target, target_len);",d225ddf0c7b32fc7a875feac7daa01a4ea157c82bc1054a863841d452b5225fe
/home/capstone/Desktop/root/apparmor-2.13.3_pure/libraries/libapparmor/src/kernel_interface.c,248,14,2,misc,open,"Check when opening files - can an attacker redirect it (via symlinks), force the opening of special file type (e.g., device files), move things around to create a race condition, control its ancestors, or change its contents? (CWE-362)",,,CWE-362,"	ki->dirfd = open(apparmorfs, O_RDONLY | O_CLOEXEC | O_DIRECTORY);",543b76b49c7f7963fbb64e7b395b5734217b5c9be4cbbae12ea7a93d83c7b6f8
/home/capstone/Desktop/root/apparmor-2.13.3_pure/libraries/libapparmor/src/libaalogparse.c,132,2,2,buffer,char,"Statically-sized arrays can be improperly restricted, leading to potential overflows or other issues (CWE-119!/CWE-120)","Perform bounds checking, use functions that limit length, or ensure that the size is larger than the maximum possible length",,CWE-119!/CWE-120,"	char buf[3], *endptr;",b812f6b2776bb0b943ced211858cab5d250fc03a81b6101991454b86cdddd4b7
/home/capstone/Desktop/root/apparmor-2.13.3_pure/libraries/libapparmor/src/libaalogparse.c,145,3,2,buffer,sprintf,Does not check for buffer overflows (CWE-120),"Use sprintf_s, snprintf, or vsnprintf",Risk is low because the source has a constant maximum length.,CWE-120,"		sprintf(buf, ""%.2s"", hexstring);",759c6df7952ad30b2c1b8fcc65a5d917371d269a66c4ad071b9cbe853dd7d7e2
/home/capstone/Desktop/root/apparmor-2.13.3_pure/libraries/libapparmor/src/policy_cache.c,113,12,2,misc,open,"Check when opening files - can an attacker redirect it (via symlinks), force the opening of special file type (e.g., device files), move things around to create a race condition, control its ancestors, or change its contents? (CWE-362)",,,CWE-362,"	proc_fd = open(proc_path, O_RDONLY | O_CLOEXEC | O_PATH | O_NOFOLLOW);",4565562957d4e879414b010f1b9654895f615ba303ce089c10ccef3cc10363fa
/home/capstone/Desktop/root/apparmor-2.13.3_pure/libraries/libapparmor/src/policy_cache.c,330,1,2,misc,open,"Check when opening files - can an attacker redirect it (via symlinks), force the opening of special file type (e.g., device files), move things around to create a race condition, control its ancestors, or change its contents? (CWE-362)",,,CWE-362,open:,8bd09c10aa271d8cb26e9067f41c7324986c9c085f3ce6f7de8aec63133fe671
/home/capstone/Desktop/root/apparmor-2.13.3_pure/libraries/libapparmor/src/policy_cache.c,352,10,2,misc,open,"Check when opening files - can an attacker redirect it (via symlinks), force the opening of special file type (e.g., device files), move things around to create a race condition, control its ancestors, or change its contents? (CWE-362)",,,CWE-362,				goto open;,2177a7d8e0281121955780853f7788790a7c3d9c35ad08ad51ac00be0e9e9fe3
/home/capstone/Desktop/root/apparmor-2.13.3_pure/libraries/libapparmor/src/private.c,364,3,2,buffer,memcpy,Does not check for buffer overflows when copying to destination (CWE-120),Make sure destination can always hold the source data,,CWE-120,"		memcpy(dents[i], dent, sizeof(*dent));",db4ab18ca229b61a5b2c66a31d610540fb15305404e4569e7fd9b3668907d680
/home/capstone/Desktop/root/apparmor-2.13.3_pure/libraries/libapparmor/testsuite/test_multi.c,15,2,2,buffer,char,"Statically-sized arrays can be improperly restricted, leading to potential overflows or other issues (CWE-119!/CWE-120)","Perform bounds checking, use functions that limit length, or ensure that the size is larger than the maximum possible length",,CWE-119!/CWE-120,	char log_line[1024];,70b5ee7008c3744748c6f6f800c28517a42f8393f4ebf45e81dc08112cfa6044
/home/capstone/Desktop/root/apparmor-2.13.3_pure/libraries/libapparmor/testsuite/test_multi.c,28,13,2,misc,fopen,"Check when opening files - can an attacker redirect it (via symlinks), force the opening of special file type (e.g., device files), move things around to create a race condition, control its ancestors, or change its contents? (CWE-362)",,,CWE-362,"	testcase = fopen(argv[1], ""r"");",bfc2eaf22c3f09e92b52c1d890970ec9dc7c7a6a7e0ccd7a979d5b9a1f265bae
/home/capstone/Desktop/root/apparmor-2.13.3_pure/parser/dbus.cc,217,8,2,buffer,char,"Statically-sized arrays can be improperly restricted, leading to potential overflows or other issues (CWE-119!/CWE-120)","Perform bounds checking, use functions that limit length, or ensure that the size is larger than the maximum possible length",,CWE-119!/CWE-120,	const char *vec[6];,f06abfaa97e566c48cda6799e0b7ef27a5228fed6698bd83930816fec120fab7
/home/capstone/Desktop/root/apparmor-2.13.3_pure/parser/lib.c,411,3,2,buffer,char,"Statically-sized arrays can be improperly restricted, leading to potential overflows or other issues (CWE-119!/CWE-120)","Perform bounds checking, use functions that limit length, or ensure that the size is larger than the maximum possible length",,CWE-119!/CWE-120,"		char str[2] = "" "";",2b7d71237bcb494e38054142c30b162dd583083f168205c8f3675eb8d9e242a7
/home/capstone/Desktop/root/apparmor-2.13.3_pure/parser/libapparmor_re/chfa.cc,316,8,2,buffer,char,"Statically-sized arrays can be improperly restricted, leading to potential overflows or other issues (CWE-119!/CWE-120)","Perform bounds checking, use functions that limit length, or ensure that the size is larger than the maximum possible length",,CWE-119!/CWE-120,	const char zeroes[8] = { };,dcf18001572cb1bc0b8533a1f70fe4acb5714b6be36d051e8e273b4c1307bf1f
/home/capstone/Desktop/root/apparmor-2.13.3_pure/parser/mount.cc,539,3,2,buffer,strcpy,Does not check for buffer overflows when copying to destination [MS-banned] (CWE-120),"Consider using snprintf, strcpy_s, or strlcpy (warning: strncpy easily misused)",Risk is low because the source is a constant string.,CWE-120,"		strcpy(p, ""(\\xfe|)"");",ba523e90cef26b7099801f623610f9f07e67f94cc78a9e4dfd1b51db36bb98e9
/home/capstone/Desktop/root/apparmor-2.13.3_pure/parser/mount.cc,589,2,2,buffer,char,"Statically-sized arrays can be improperly restricted, leading to potential overflows or other issues (CWE-119!/CWE-120)","Perform bounds checking, use functions that limit length, or ensure that the size is larger than the maximum possible length",,CWE-119!/CWE-120,	char flagsbuf[PATH_MAX + 3];,fe220a0ccc70b3baf53f889696089fe36a6b02b2f6a7db35a95702906ad3f75d
/home/capstone/Desktop/root/apparmor-2.13.3_pure/parser/mount.cc,591,2,2,buffer,char,"Statically-sized arrays can be improperly restricted, leading to potential overflows or other issues (CWE-119!/CWE-120)","Perform bounds checking, use functions that limit length, or ensure that the size is larger than the maximum possible length",,CWE-119!/CWE-120,	char class_mount_hdr[64];,6e2b2242e8f087f34dccd06e024bfce78f68e08dc788329bbb6a174973c0e15a
/home/capstone/Desktop/root/apparmor-2.13.3_pure/parser/mount.cc,592,8,2,buffer,char,"Statically-sized arrays can be improperly restricted, leading to potential overflows or other issues (CWE-119!/CWE-120)","Perform bounds checking, use functions that limit length, or ensure that the size is larger than the maximum possible length",,CWE-119!/CWE-120,	const char *vec[5];,6fafd162558522850b9c8c7c9cc0f9e860364db6cc8aed01255c67e33f16cd60
/home/capstone/Desktop/root/apparmor-2.13.3_pure/parser/mount.cc,601,2,2,buffer,sprintf,Does not check for buffer overflows (CWE-120),"Use sprintf_s, snprintf, or vsnprintf",Risk is low because the source has a constant maximum length.,CWE-120,"	sprintf(class_mount_hdr, ""\\x%02x"", AA_CLASS_MOUNT);",fbe7434ceb7c3326350e895fed97e78df812249516ee959914b483f2e3ce5463
/home/capstone/Desktop/root/apparmor-2.13.3_pure/parser/network.c,156,2,2,buffer,char,"Statically-sized arrays can be improperly restricted, leading to potential overflows or other issues (CWE-119!/CWE-120)","Perform bounds checking, use functions that limit length, or ensure that the size is larger than the maximum possible length",,CWE-119!/CWE-120,	char buffer[32];,594cdbbf7f138403a8d230ce09c8cbeebebfa9247c49bda180c4e4065ae5068b
/home/capstone/Desktop/root/apparmor-2.13.3_pure/parser/network.c,168,7,2,misc,open,"Check when opening files - can an attacker redirect it (via symlinks), force the opening of special file type (e.g., device files), move things around to create a race condition, control its ancestors, or change its contents? (CWE-362)",,,CWE-362,"	fd = open(PROC_VERSION, O_RDONLY);",ae9b00e1e99f2c2d021d1385a95914ece36fac97ac8da5ac66e4f50967ef21fe
/home/capstone/Desktop/root/apparmor-2.13.3_pure/parser/parser_include.c,67,8,2,buffer,char,"Statically-sized arrays can be improperly restricted, leading to potential overflows or other issues (CWE-119!/CWE-120)","Perform bounds checking, use functions that limit length, or ensure that the size is larger than the maximum possible length",,CWE-119!/CWE-120,static char *path[MAX_PATH] = { NULL };,7ab718b61f9034fdad6631b02ea708fb15906c0ca397c38dd7de9710e21bb960
/home/capstone/Desktop/root/apparmor-2.13.3_pure/parser/parser_include.c,183,2,2,buffer,char,"Statically-sized arrays can be improperly restricted, leading to potential overflows or other issues (CWE-119!/CWE-120)","Perform bounds checking, use functions that limit length, or ensure that the size is larger than the maximum possible length",,CWE-119!/CWE-120,	char buf[1024];,5065f5757ec562d76d80e513ac33668b30265995d34290fc3fe7083c178c0622
/home/capstone/Desktop/root/apparmor-2.13.3_pure/parser/parser_include.c,187,6,2,misc,fopen,"Check when opening files - can an attacker redirect it (via symlinks), force the opening of special file type (e.g., device files), move things around to create a race condition, control its ancestors, or change its contents? (CWE-362)",,,CWE-362,"	f = fopen(SUBDOMAIN_CONF, ""r"");",5b82519df5b11f6240778d20b3fcea3371bb0105a921cb838fa86e02eb875fc2
/home/capstone/Desktop/root/apparmor-2.13.3_pure/parser/parser_include.c,226,10,2,misc,fopen,"Check when opening files - can an attacker redirect it (via symlinks), force the opening of special file type (e.g., device files), move things around to create a race condition, control its ancestors, or change its contents? (CWE-362)",,,CWE-362,"		newf = fopen(buf, ""r"");",0a944dfef091a9e92efa3710634503147be0531f691b3b4cde5bdf3c424eeaa8
/home/capstone/Desktop/root/apparmor-2.13.3_pure/parser/parser_interface.c,262,8,2,buffer,char,"Statically-sized arrays can be improperly restricted, leading to potential overflows or other issues (CWE-119!/CWE-120)","Perform bounds checking, use functions that limit length, or ensure that the size is larger than the maximum possible length",,CWE-119!/CWE-120,static char zeros[64];,983c90340d5b1b99e271eff9abfcd0fb91dd2dec5ee8eae83f4e9d985ca87a7a
/home/capstone/Desktop/root/apparmor-2.13.3_pure/parser/parser_main.c,107,14,2,buffer,char,"Statically-sized arrays can be improperly restricted, leading to potential overflows or other issues (CWE-119!/CWE-120)","Perform bounds checking, use functions that limit length, or ensure that the size is larger than the maximum possible length",,CWE-119!/CWE-120,static const char *cacheloc[MAX_CACHE_LOCS];,13f127fea12401fc1f75c8b3189272284c8a0ddfe2998f6b31accaa0c9ed2ff3
/home/capstone/Desktop/root/apparmor-2.13.3_pure/parser/parser_main.c,267,5,2,buffer,memcpy,Does not check for buffer overflows when copying to destination (CWE-120),Make sure destination can always hold the source data,,CWE-120,"				memcpy(tmp, s, p - s);",298d29a536676434502adb36bd94f00de028d4909ce717b1b5de66cdb0634588
/home/capstone/Desktop/root/apparmor-2.13.3_pure/parser/parser_main.c,286,3,2,buffer,memcpy,Does not check for buffer overflows when copying to destination (CWE-120),Make sure destination can always hold the source data,,CWE-120,"		memcpy(tmp, s, p - s);",298d29a536676434502adb36bd94f00de028d4909ce717b1b5de66cdb0634588
/home/capstone/Desktop/root/apparmor-2.13.3_pure/parser/parser_main.c,300,9,2,buffer,char,"Statically-sized arrays can be improperly restricted, leading to potential overflows or other issues (CWE-119!/CWE-120)","Perform bounds checking, use functions that limit length, or ensure that the size is larger than the maximum possible length",,CWE-119!/CWE-120,	static char line[256];,03923197b75ae1137844c85be28aa73a9fb7766006dc07664808faf09658fd07
/home/capstone/Desktop/root/apparmor-2.13.3_pure/parser/parser_main.c,495,11,2,misc,fopen,"Check when opening files - can an attacker redirect it (via symlinks), force the opening of special file type (e.g., device files), move things around to create a race condition, control its ancestors, or change its contents? (CWE-362)",,,CWE-362,"		ofile = fopen(optarg, ""w"");",05691653356ce4ebc037bf83523e9f8e55d9abb18171a9ce9d7809859ee92966
/home/capstone/Desktop/root/apparmor-2.13.3_pure/parser/parser_main.c,711,6,2,misc,fopen,"Check when opening files - can an attacker redirect it (via symlinks), force the opening of special file type (e.g., device files), move things around to create a race condition, control its ancestors, or change its contents? (CWE-362)",,,CWE-362,"	f = fopen(name, ""r"");",6a604c56746e691f6af61ddc90e26b8d0fe9b6182f8704ed1e359d36b07cb61b
/home/capstone/Desktop/root/apparmor-2.13.3_pure/parser/parser_main.c,746,24,2,misc,fopen,"Check when opening files - can an attacker redirect it (via symlinks), force the opening of special file type (e.g., device files), move things around to create a race condition, control its ancestors, or change its contents? (CWE-362)",,,CWE-362,"	autofclose FILE *ms = fopen(MATCH_FILE, ""r"");",efa25fb16cfca500d7c6818f58cb5fb9ebfe63aa2bd50b2d3f3e130efa15148f
/home/capstone/Desktop/root/apparmor-2.13.3_pure/parser/parser_main.c,924,17,2,misc,fopen,"Check when opening files - can an attacker redirect it (via symlinks), force the opening of special file type (e.g., device files), move things around to create a race condition, control its ancestors, or change its contents? (CWE-362)",,,CWE-362,"		if ( !(yyin = fopen(profilename, ""r"")) ) {",74ff7430cceabd137be5a463739b0483f26e8ff11916f9076bd13e52b428e21c
/home/capstone/Desktop/root/apparmor-2.13.3_pure/parser/parser_regex.c,563,9,2,buffer,char,"Statically-sized arrays can be improperly restricted, leading to potential overflows or other issues (CWE-119!/CWE-120)","Perform bounds checking, use functions that limit length, or ensure that the size is larger than the maximum possible length",,CWE-119!/CWE-120,		const char *vec[2];,b6d580d9a5f971c51bd977b99f9e64a88567a294fa64252f6961482241d1da9f
/home/capstone/Desktop/root/apparmor-2.13.3_pure/parser/parser_regex.c,581,9,2,buffer,char,"Statically-sized arrays can be improperly restricted, leading to potential overflows or other issues (CWE-119!/CWE-120)","Perform bounds checking, use functions that limit length, or ensure that the size is larger than the maximum possible length",,CWE-119!/CWE-120,		const char *vec[3];,1d6b793bf95cdf07dc7f89f1e15f3e6dfdcda35569334702d530a2416303382b
/home/capstone/Desktop/root/apparmor-2.13.3_pure/parser/policy_cache.c,41,2,2,buffer,char,"Statically-sized arrays can be improperly restricted, leading to potential overflows or other issues (CWE-119!/CWE-120)","Perform bounds checking, use functions that limit length, or ensure that the size is larger than the maximum possible length",,CWE-119!/CWE-120,	char buffer[HEADER_STRING_SIZE + VERSION_STRING_SIZE];,f1f435b4a3153757d786143e66f2d88f1f940bc735a0d5fd7a3088cc37fa4f29
/home/capstone/Desktop/root/apparmor-2.13.3_pure/parser/policy_cache.c,43,12,2,misc,fopen,"Check when opening files - can an attacker redirect it (via symlinks), force the opening of special file type (e.g., device files), move things around to create a race condition, control its ancestors, or change its contents? (CWE-362)",,,CWE-362,"	if (!(f = fopen(cachename, ""r""))) {",6566e8d8e0f0a4ef0eafb5d867ccb8257ecc3e0cf80d91f786acc016cf61421d
/home/capstone/Desktop/root/apparmor-2.13.3_pure/parser/policy_cache.c,156,19,2,tmpfile,mkstemp,"Potential for temporary file vulnerability in some circumstances.  Some older Unix-like systems create temp files with permission to write by all by default, so be sure to set the umask to override this. Also, some older Unix systems might fail to use O_EXCL when opening the file, so make sure that O_EXCL is used by the library (CWE-377)",,,CWE-377,		if ((cache_fd = mkstemp(tmpname)) < 0) {,38e2dd442d0f17b6578723e2be29c7019aa18cd31a31d98655e3de6be7c1b4ab
/home/capstone/Desktop/root/apparmor-2.13.3_pure/parser/profile.h,137,2,2,buffer,char,"Statically-sized arrays can be improperly restricted, leading to potential overflows or other issues (CWE-119!/CWE-120)","Perform bounds checking, use functions that limit length, or ensure that the size is larger than the maximum possible length",,CWE-119!/CWE-120,	char *exec_table[AA_EXEC_COUNT];,6511c9b41fda6c8b8750639b63e6354ad2c445fad4ed3ec1fa017c5da9207b8f
/home/capstone/Desktop/root/apparmor-2.13.3_pure/parser/signal.cc,79,14,2,buffer,char,"Statically-sized arrays can be improperly restricted, leading to potential overflows or other issues (CWE-119!/CWE-120)","Perform bounds checking, use functions that limit length, or ensure that the size is larger than the maximum possible length",,CWE-119!/CWE-120,static const char *const sig_names[MAXMAPPED_SIG + 1] = {,68dd8624c660d2a415a4f638b64f7150445979d84efc6fa2831672ac31f6ca98
/home/capstone/Desktop/root/apparmor-2.13.3_pure/parser/unit_test.h,38,9,2,buffer,char,"Statically-sized arrays can be improperly restricted, leading to potential overflows or other issues (CWE-119!/CWE-120)","Perform bounds checking, use functions that limit length, or ensure that the size is larger than the maximum possible length",,CWE-119!/CWE-120,        char buf[PATH_MAX];,bccc52b0116e68b26a8fb862f2f766a6c4f06ed3e5c48f125f9f60e5c9a2feea
/home/capstone/Desktop/root/apparmor-2.13.3_pure/tests/regression/apparmor/changehat.h,10,2,2,buffer,char,"Statically-sized arrays can be improperly restricted, leading to potential overflows or other issues (CWE-119!/CWE-120)","Perform bounds checking, use functions that limit length, or ensure that the size is larger than the maximum possible length",,CWE-119!/CWE-120,	char buf[128];,a7e6ef4b73cb0cf74f88a6a9d4e04522c79ea9387f8f272e9d0ac542fa7168aa
/home/capstone/Desktop/root/apparmor-2.13.3_pure/tests/regression/apparmor/changehat.h,13,5,2,misc,open,"Check when opening files - can an attacker redirect it (via symlinks), force the opening of special file type (e.g., device files), move things around to create a race condition, control its ancestors, or change its contents? (CWE-362)",,,CWE-362,"	fd=open(file, O_RDWR, 0);",aa490573ca66c50102f0169800d668849f416b4b602792eeebfaef905ab6d1bb
/home/capstone/Desktop/root/apparmor-2.13.3_pure/tests/regression/apparmor/changehat_wrapper.c,56,7,2,misc,open,"Check when opening files - can an attacker redirect it (via symlinks), force the opening of special file type (e.g., device files), move things around to create a race condition, control its ancestors, or change its contents? (CWE-362)",,,CWE-362,"	fd = open(ATTR_FILE, O_WRONLY);",9e01ac72a68d7e3d908aab756b72a4d69240e1f55a21b1ded584f2af5d91a9b0
/home/capstone/Desktop/root/apparmor-2.13.3_pure/tests/regression/apparmor/changehat_wrapper.c,89,2,2,buffer,char,"Statically-sized arrays can be improperly restricted, leading to potential overflows or other issues (CWE-119!/CWE-120)","Perform bounds checking, use functions that limit length, or ensure that the size is larger than the maximum possible length",,CWE-119!/CWE-120,	char buf[BUFSIZ];,38f78c7ddf4a01792dd5b430a1692f8556c070b2ef839308bbbdf5d004056933
/home/capstone/Desktop/root/apparmor-2.13.3_pure/tests/regression/apparmor/clone.c,63,2,2,buffer,char,"Statically-sized arrays can be improperly restricted, leading to potential overflows or other issues (CWE-119!/CWE-120)","Perform bounds checking, use functions that limit length, or ensure that the size is larger than the maximum possible length",,CWE-119!/CWE-120,	char buf[BUFSIZ];,38f78c7ddf4a01792dd5b430a1692f8556c070b2ef839308bbbdf5d004056933
/home/capstone/Desktop/root/apparmor-2.13.3_pure/tests/regression/apparmor/dbus_message.c,144,4,2,buffer,char,"Statically-sized arrays can be improperly restricted, leading to potential overflows or other issues (CWE-119!/CWE-120)","Perform bounds checking, use functions that limit length, or ensure that the size is larger than the maximum possible length",,CWE-119!/CWE-120,			char sig[5];,ad306d79522197ba5efae641e0ee193c4a5e94eb2d7a6c49a27bbd8201d3646d
/home/capstone/Desktop/root/apparmor-2.13.3_pure/tests/regression/apparmor/dbus_message.c,165,4,2,buffer,char,"Statically-sized arrays can be improperly restricted, leading to potential overflows or other issues (CWE-119!/CWE-120)","Perform bounds checking, use functions that limit length, or ensure that the size is larger than the maximum possible length",,CWE-119!/CWE-120,			char sig[2];,d68fe90860357a503e022a6e098f7fc40b336c9da6badabd7c3cd62c22edff61
/home/capstone/Desktop/root/apparmor-2.13.3_pure/tests/regression/apparmor/dbus_message.c,249,13,2,misc,open,"Check when opening files - can an attacker redirect it (via symlinks), force the opening of special file type (e.g., device files), move things around to create a race condition, control its ancestors, or change its contents? (CWE-362)",,,CWE-362,"			log_fd = open(path, O_CREAT | O_TRUNC | O_WRONLY,",63ca2a456b9e0345d5dd42bec2da193b0c48820d4fb0eafb8a57911b3022b5e2
/home/capstone/Desktop/root/apparmor-2.13.3_pure/tests/regression/apparmor/dbus_service.c,241,13,2,misc,open,"Check when opening files - can an attacker redirect it (via symlinks), force the opening of special file type (e.g., device files), move things around to create a race condition, control its ancestors, or change its contents? (CWE-362)",,,CWE-362,"			log_fd = open(path, O_CREAT | O_TRUNC | O_WRONLY,",63ca2a456b9e0345d5dd42bec2da193b0c48820d4fb0eafb8a57911b3022b5e2
/home/capstone/Desktop/root/apparmor-2.13.3_pure/tests/regression/apparmor/dbus_service.c,253,14,2,integer,atoi,"Unless checked, the resulting number can exceed the expected range (CWE-190)","If source untrusted, check both minimum and maximum, even if the input had no minus sign (large numbers can roll over into negative number; consider saving to an unsigned value if that is intended)",,CWE-190,			lock_fd = atoi(fd);,3816853c1db51da94235fecbf04ed06edb432ee794c5a7d03da7d7ec8ea6c775
/home/capstone/Desktop/root/apparmor-2.13.3_pure/tests/regression/apparmor/dbus_unrequested_reply.c,173,13,2,misc,open,"Check when opening files - can an attacker redirect it (via symlinks), force the opening of special file type (e.g., device files), move things around to create a race condition, control its ancestors, or change its contents? (CWE-362)",,,CWE-362,"			log_fd = open(path, O_CREAT | O_TRUNC | O_WRONLY,",63ca2a456b9e0345d5dd42bec2da193b0c48820d4fb0eafb8a57911b3022b5e2
/home/capstone/Desktop/root/apparmor-2.13.3_pure/tests/regression/apparmor/deleted.c,36,2,2,buffer,char,"Statically-sized arrays can be improperly restricted, leading to potential overflows or other issues (CWE-119!/CWE-120)","Perform bounds checking, use functions that limit length, or ensure that the size is larger than the maximum possible length",,CWE-119!/CWE-120,	char buf[128];,a7e6ef4b73cb0cf74f88a6a9d4e04522c79ea9387f8f272e9d0ac542fa7168aa
/home/capstone/Desktop/root/apparmor-2.13.3_pure/tests/regression/apparmor/deleted.c,48,7,2,misc,open,"Check when opening files - can an attacker redirect it (via symlinks), force the opening of special file type (e.g., device files), move things around to create a race condition, control its ancestors, or change its contents? (CWE-362)",,,CWE-362,"	fd = open(argv[2], O_RDWR, 0);",8ea2157070937559fdc757b1b06479e8f4b00d8b11e01304c8b6c7466179eb8f
/home/capstone/Desktop/root/apparmor-2.13.3_pure/tests/regression/apparmor/deleted.c,117,5,2,misc,open,"Check when opening files - can an attacker redirect it (via symlinks), force the opening of special file type (e.g., device files), move things around to create a race condition, control its ancestors, or change its contents? (CWE-362)",,,CWE-362,"	fd=open(argv[2], O_RDWR, 0);",b5bdb047b8cc335af408a287d723200d6d8cdafbd9b6c8353d1dba1d89f8c745
/home/capstone/Desktop/root/apparmor-2.13.3_pure/tests/regression/apparmor/exec_qual2.c,45,5,2,misc,open,"Check when opening files - can an attacker redirect it (via symlinks), force the opening of special file type (e.g., device files), move things around to create a race condition, control its ancestors, or change its contents? (CWE-362)",,,CWE-362,"	fd=open(argv[1], O_RDWR, 0);",607c72c17abc292623e20fa1105ef02e2e0e5bed5252cee76b08e4cdd2b7c1f1
/home/capstone/Desktop/root/apparmor-2.13.3_pure/tests/regression/apparmor/fchdir.c,29,17,2,misc,open,"Check when opening files - can an attacker redirect it (via symlinks), force the opening of special file type (e.g., device files), move things around to create a race condition, control its ancestors, or change its contents? (CWE-362)",,,CWE-362,"        dirfd = open(dir, O_RDONLY | O_DIRECTORY);",7455aecd0a991845304b887df7ddd023fd08d213f5cc142ef2343732d796b565
/home/capstone/Desktop/root/apparmor-2.13.3_pure/tests/regression/apparmor/fchgrp.c,35,7,2,misc,open,"Check when opening files - can an attacker redirect it (via symlinks), force the opening of special file type (e.g., device files), move things around to create a race condition, control its ancestors, or change its contents? (CWE-362)",,,CWE-362,"	fd = open(argv[1], O_RDONLY);",2846f69159bf967384671fa0dfd5fbd97ff2a7213dc481475627ba34d954da2e
/home/capstone/Desktop/root/apparmor-2.13.3_pure/tests/regression/apparmor/fchmod.c,32,7,2,misc,open,"Check when opening files - can an attacker redirect it (via symlinks), force the opening of special file type (e.g., device files), move things around to create a race condition, control its ancestors, or change its contents? (CWE-362)",,,CWE-362,"	fd = open(argv[1], O_RDONLY);",2846f69159bf967384671fa0dfd5fbd97ff2a7213dc481475627ba34d954da2e
/home/capstone/Desktop/root/apparmor-2.13.3_pure/tests/regression/apparmor/fchown.c,34,7,2,misc,open,"Check when opening files - can an attacker redirect it (via symlinks), force the opening of special file type (e.g., device files), move things around to create a race condition, control its ancestors, or change its contents? (CWE-362)",,,CWE-362,"	fd = open(argv[1], O_RDONLY);",2846f69159bf967384671fa0dfd5fbd97ff2a7213dc481475627ba34d954da2e
/home/capstone/Desktop/root/apparmor-2.13.3_pure/tests/regression/apparmor/fd_inheritance.c,32,2,2,buffer,char,"Statically-sized arrays can be improperly restricted, leading to potential overflows or other issues (CWE-119!/CWE-120)","Perform bounds checking, use functions that limit length, or ensure that the size is larger than the maximum possible length",,CWE-119!/CWE-120,"	char buf[BUF_LEN + 1], fd_str[FD_STR_LEN + 1];",bb87011f09bb91d22954bf09d31fa7794b1908f05efb01df2b3faf13a615c266
/home/capstone/Desktop/root/apparmor-2.13.3_pure/tests/regression/apparmor/fd_inheritance.c,40,7,2,misc,open,"Check when opening files - can an attacker redirect it (via symlinks), force the opening of special file type (e.g., device files), move things around to create a race condition, control its ancestors, or change its contents? (CWE-362)",,,CWE-362,"	fd = open(argv[1], O_RDONLY);",2846f69159bf967384671fa0dfd5fbd97ff2a7213dc481475627ba34d954da2e
/home/capstone/Desktop/root/apparmor-2.13.3_pure/tests/regression/apparmor/fd_inheritor.c,29,2,2,buffer,char,"Statically-sized arrays can be improperly restricted, leading to potential overflows or other issues (CWE-119!/CWE-120)","Perform bounds checking, use functions that limit length, or ensure that the size is larger than the maximum possible length",,CWE-119!/CWE-120,	char buf[BUF_LEN + 1];,1ec295702b989929fdd5439fc8bee1012c599ef5f4f0cbed9f398d812622f5e3
/home/capstone/Desktop/root/apparmor-2.13.3_pure/tests/regression/apparmor/fd_inheritor.c,37,7,2,integer,atoi,"Unless checked, the resulting number can exceed the expected range (CWE-190)","If source untrusted, check both minimum and maximum, even if the input had no minus sign (large numbers can roll over into negative number; consider saving to an unsigned value if that is intended)",,CWE-190,	fd = atoi(argv[1]);,b34b76365b59eef14d3f967db36577f328a4d4ffd83c40d304248afaaf1c9c8b
/home/capstone/Desktop/root/apparmor-2.13.3_pure/tests/regression/apparmor/fork.c,35,8,2,misc,open,"Check when opening files - can an attacker redirect it (via symlinks), force the opening of special file type (e.g., device files), move things around to create a race condition, control its ancestors, or change its contents? (CWE-362)",,,CWE-362,"		fd = open(files[i], O_RDWR);",309b13ccf9993cbba49afaa3a52f57773ff7c61ae9413a85ccd86bc3d2fdc384
/home/capstone/Desktop/root/apparmor-2.13.3_pure/tests/regression/apparmor/link_subset.c,154,2,2,buffer,char,"Statically-sized arrays can be improperly restricted, leading to potential overflows or other issues (CWE-119!/CWE-120)","Perform bounds checking, use functions that limit length, or ensure that the size is larger than the maximum possible length",,CWE-119!/CWE-120,	char perms[10];,68c948ab56e8b8cce37148aa677e024dd094150350ddd9d6a2f169bf3c496b1e
/home/capstone/Desktop/root/apparmor-2.13.3_pure/tests/regression/apparmor/link_subset.c,204,3,2,buffer,char,"Statically-sized arrays can be improperly restricted, leading to potential overflows or other issues (CWE-119!/CWE-120)","Perform bounds checking, use functions that limit length, or ensure that the size is larger than the maximum possible length",,CWE-119!/CWE-120,		char perms[10];,68c948ab56e8b8cce37148aa677e024dd094150350ddd9d6a2f169bf3c496b1e
/home/capstone/Desktop/root/apparmor-2.13.3_pure/tests/regression/apparmor/mmap.c,33,1,2,buffer,char,"Statically-sized arrays can be improperly restricted, leading to potential overflows or other issues (CWE-119!/CWE-120)","Perform bounds checking, use functions that limit length, or ensure that the size is larger than the maximum possible length",,CWE-119!/CWE-120,char buf[128];,a7e6ef4b73cb0cf74f88a6a9d4e04522c79ea9387f8f272e9d0ac542fa7168aa
/home/capstone/Desktop/root/apparmor-2.13.3_pure/tests/regression/apparmor/mmap.c,54,5,2,misc,open,"Check when opening files - can an attacker redirect it (via symlinks), force the opening of special file type (e.g., device files), move things around to create a race condition, control its ancestors, or change its contents? (CWE-362)",,,CWE-362,"	fd=open(argv[1], O_CREAT|O_EXCL|O_RDWR, S_IWUSR|S_IRUSR);",6602738e6997efec67ad1aa950cc338a7444007e52209c8e26463412d0441f0b
/home/capstone/Desktop/root/apparmor-2.13.3_pure/tests/regression/apparmor/mmap.c,79,8,2,buffer,memcpy,Does not check for buffer overflows when copying to destination (CWE-120),Make sure destination can always hold the source data,,CWE-120,"	(void)memcpy(mptr, data, strlen(data));",356c6ca6ad65b6bbdfcb9bb0dbc9bc7ac8de85758c73522039d005e3370e32e7
/home/capstone/Desktop/root/apparmor-2.13.3_pure/tests/regression/apparmor/named_pipe.c,27,2,2,buffer,char,"Statically-sized arrays can be improperly restricted, leading to potential overflows or other issues (CWE-119!/CWE-120)","Perform bounds checking, use functions that limit length, or ensure that the size is larger than the maximum possible length",,CWE-119!/CWE-120,	char buf[128];,a7e6ef4b73cb0cf74f88a6a9d4e04522c79ea9387f8f272e9d0ac542fa7168aa
/home/capstone/Desktop/root/apparmor-2.13.3_pure/tests/regression/apparmor/named_pipe.c,83,5,2,misc,open,"Check when opening files - can an attacker redirect it (via symlinks), force the opening of special file type (e.g., device files), move things around to create a race condition, control its ancestors, or change its contents? (CWE-362)",,,CWE-362,"	fd=open(file, O_RDONLY, 0);",28389be4fa52c7ef0a794e942903c980a6647caa94118b5fb1ea5670b897f5ed
/home/capstone/Desktop/root/apparmor-2.13.3_pure/tests/regression/apparmor/named_pipe.c,109,5,2,misc,open,"Check when opening files - can an attacker redirect it (via symlinks), force the opening of special file type (e.g., device files), move things around to create a race condition, control its ancestors, or change its contents? (CWE-362)",,,CWE-362,"	fd=open(file, O_WRONLY, 0);",60c25a5efcc3ec639a19f63f2fef181cc5de595616094c94155e1b91a50bfb32
/home/capstone/Desktop/root/apparmor-2.13.3_pure/tests/regression/apparmor/net_raw.c,34,1,2,buffer,char,"Statically-sized arrays can be improperly restricted, leading to potential overflows or other issues (CWE-119!/CWE-120)","Perform bounds checking, use functions that limit length, or ensure that the size is larger than the maximum possible length",,CWE-119!/CWE-120,char data[BUFSIZE];,b1b80fa20a0a6e734db0aa62f005fe56854728964e0f1183f2ee98d24b8725c9
/home/capstone/Desktop/root/apparmor-2.13.3_pure/tests/regression/apparmor/netdomain/test_multi_receive.c,70,25,2,integer,atoi,"Unless checked, the resulting number can exceed the expected range (CWE-190)","If source untrusted, check both minimum and maximum, even if the input had no minus sign (large numbers can roll over into negative number; consider saving to an unsigned value if that is intended)",,CWE-190,	local.sin_port = htons(atoi(bind_port));,0d7fca434606c587a813e2f177ee9d3378052fa308cf1dbb1a6959132d0e10f3
/home/capstone/Desktop/root/apparmor-2.13.3_pure/tests/regression/apparmor/netdomain/test_multi_receive.c,134,25,2,integer,atoi,"Unless checked, the resulting number can exceed the expected range (CWE-190)","If source untrusted, check both minimum and maximum, even if the input had no minus sign (large numbers can roll over into negative number; consider saving to an unsigned value if that is intended)",,CWE-190,	local.sin_port = htons(atoi(bind_port));,0d7fca434606c587a813e2f177ee9d3378052fa308cf1dbb1a6959132d0e10f3
/home/capstone/Desktop/root/apparmor-2.13.3_pure/tests/regression/apparmor/netdomain/test_multi_send.c,60,26,2,integer,atoi,"Unless checked, the resulting number can exceed the expected range (CWE-190)","If source untrusted, check both minimum and maximum, even if the input had no minus sign (large numbers can roll over into negative number; consider saving to an unsigned value if that is intended)",,CWE-190,	remote.sin_port = htons(atoi(remote_port));,aa615200600fe7646ec4959932231a2119cfe28578d130f07333fa1726fa05fc
/home/capstone/Desktop/root/apparmor-2.13.3_pure/tests/regression/apparmor/netdomain/test_multi_send.c,64,25,2,integer,atoi,"Unless checked, the resulting number can exceed the expected range (CWE-190)","If source untrusted, check both minimum and maximum, even if the input had no minus sign (large numbers can roll over into negative number; consider saving to an unsigned value if that is intended)",,CWE-190,	local.sin_port = htons(atoi(bind_port));,0d7fca434606c587a813e2f177ee9d3378052fa308cf1dbb1a6959132d0e10f3
/home/capstone/Desktop/root/apparmor-2.13.3_pure/tests/regression/apparmor/netdomain/test_multi_send.c,96,33,2,integer,atoi,"Unless checked, the resulting number can exceed the expected range (CWE-190)","If source untrusted, check both minimum and maximum, even if the input had no minus sign (large numbers can roll over into negative number; consider saving to an unsigned value if that is intended)",,CWE-190,        remote.sin_port = htons(atoi(remote_port));,aa615200600fe7646ec4959932231a2119cfe28578d130f07333fa1726fa05fc
/home/capstone/Desktop/root/apparmor-2.13.3_pure/tests/regression/apparmor/netdomain/test_multi_send.c,100,32,2,integer,atoi,"Unless checked, the resulting number can exceed the expected range (CWE-190)","If source untrusted, check both minimum and maximum, even if the input had no minus sign (large numbers can roll over into negative number; consider saving to an unsigned value if that is intended)",,CWE-190,        local.sin_port = htons(atoi(bind_port));,0d7fca434606c587a813e2f177ee9d3378052fa308cf1dbb1a6959132d0e10f3
/home/capstone/Desktop/root/apparmor-2.13.3_pure/tests/regression/apparmor/open.c,28,5,2,misc,open,"Check when opening files - can an attacker redirect it (via symlinks), force the opening of special file type (e.g., device files), move things around to create a race condition, control its ancestors, or change its contents? (CWE-362)",,,CWE-362,"	fd=open(argv[1], O_RDWR | O_CREAT, S_IWUSR | S_IRUSR);",3c4654946b0400115b6b749fddffabee8511aad80d2cb7e573f17f7c794e7a99
/home/capstone/Desktop/root/apparmor-2.13.3_pure/tests/regression/apparmor/openat.c,66,10,2,misc,open,"Check when opening files - can an attacker redirect it (via symlinks), force the opening of special file type (e.g., device files), move things around to create a race condition, control its ancestors, or change its contents? (CWE-362)",,,CWE-362,"	dirfd = open(dir, O_RDONLY | O_DIRECTORY);",7455aecd0a991845304b887df7ddd023fd08d213f5cc142ef2343732d796b565
/home/capstone/Desktop/root/apparmor-2.13.3_pure/tests/regression/apparmor/pipe.c,27,2,2,buffer,char,"Statically-sized arrays can be improperly restricted, leading to potential overflows or other issues (CWE-119!/CWE-120)","Perform bounds checking, use functions that limit length, or ensure that the size is larger than the maximum possible length",,CWE-119!/CWE-120,	char buf[128];,a7e6ef4b73cb0cf74f88a6a9d4e04522c79ea9387f8f272e9d0ac542fa7168aa
/home/capstone/Desktop/root/apparmor-2.13.3_pure/tests/regression/apparmor/ptrace.c,229,28,2,integer,atoi,"Unless checked, the resulting number can exceed the expected range (CWE-190)","If source untrusted, check both minimum and maximum, even if the input had no minus sign (large numbers can roll over into negative number; consider saving to an unsigned value if that is intended)",,CWE-190,			case 'n': num_syscall = atoi(optarg); ,5b7d213c27b2324c9a1f07fe7f4dec7c4aa62702479beab0e9fbcfc5b85616d0
/home/capstone/Desktop/root/apparmor-2.13.3_pure/tests/regression/apparmor/pwrite.c,32,2,2,buffer,char,"Statically-sized arrays can be improperly restricted, leading to potential overflows or other issues (CWE-119!/CWE-120)","Perform bounds checking, use functions that limit length, or ensure that the size is larger than the maximum possible length",,CWE-119!/CWE-120,	char in_buffer[strlen(bugger) +1];,ad7f0211e35de72dc747b989df80db5b8017bb24240e6aa6057df0115e4e598c
/home/capstone/Desktop/root/apparmor-2.13.3_pure/tests/regression/apparmor/pwrite.c,51,7,2,misc,open,"Check when opening files - can an attacker redirect it (via symlinks), force the opening of special file type (e.g., device files), move things around to create a race condition, control its ancestors, or change its contents? (CWE-362)",,,CWE-362,"	fd = open(argv[1], O_CREAT|O_RDWR, S_IWUSR|S_IRUSR);",42ff45ca6eae77f604300c5743a8b1438b701df63d961616acee410358a4eb08
/home/capstone/Desktop/root/apparmor-2.13.3_pure/tests/regression/apparmor/readdir.c,52,7,2,misc,open,"Check when opening files - can an attacker redirect it (via symlinks), force the opening of special file type (e.g., device files), move things around to create a race condition, control its ancestors, or change its contents? (CWE-362)",,,CWE-362,"	fd = open(dirname, O_RDONLY, 0);",94e6cd688021bcea449d1d5b1c49c78bc595f67f7a5341397fb2fca5a46b78dd
/home/capstone/Desktop/root/apparmor-2.13.3_pure/tests/regression/apparmor/readdir.c,76,7,2,misc,open,"Check when opening files - can an attacker redirect it (via symlinks), force the opening of special file type (e.g., device files), move things around to create a race condition, control its ancestors, or change its contents? (CWE-362)",,,CWE-362,"	fd = open(dirname, O_RDONLY, 0);",94e6cd688021bcea449d1d5b1c49c78bc595f67f7a5341397fb2fca5a46b78dd
/home/capstone/Desktop/root/apparmor-2.13.3_pure/tests/regression/apparmor/rw.c,30,1,2,buffer,char,"Statically-sized arrays can be improperly restricted, leading to potential overflows or other issues (CWE-119!/CWE-120)","Perform bounds checking, use functions that limit length, or ensure that the size is larger than the maximum possible length",,CWE-119!/CWE-120,char buf[128];,a7e6ef4b73cb0cf74f88a6a9d4e04522c79ea9387f8f272e9d0ac542fa7168aa
/home/capstone/Desktop/root/apparmor-2.13.3_pure/tests/regression/apparmor/rw.c,50,5,2,misc,open,"Check when opening files - can an attacker redirect it (via symlinks), force the opening of special file type (e.g., device files), move things around to create a race condition, control its ancestors, or change its contents? (CWE-362)",,,CWE-362,"	fd=open(argv[1], O_CREAT|O_EXCL|O_RDWR, S_IWUSR|S_IRUSR);",6602738e6997efec67ad1aa950cc338a7444007e52209c8e26463412d0441f0b
/home/capstone/Desktop/root/apparmor-2.13.3_pure/tests/regression/apparmor/socketpair.c,41,13,2,integer,atoi,"Unless checked, the resulting number can exceed the expected range (CWE-190)","If source untrusted, check both minimum and maximum, even if the input had no minus sign (large numbers can roll over into negative number; consider saving to an unsigned value if that is intended)",,CWE-190,		pair[0] = atoi(fd0);,ffc04c3427a44d043365d2052fb1dd27eeeff9e5806fc01908b715cc7b2fc31b
/home/capstone/Desktop/root/apparmor-2.13.3_pure/tests/regression/apparmor/socketpair.c,42,13,2,integer,atoi,"Unless checked, the resulting number can exceed the expected range (CWE-190)","If source untrusted, check both minimum and maximum, even if the input had no minus sign (large numbers can roll over into negative number; consider saving to an unsigned value if that is intended)",,CWE-190,		pair[1] = atoi(fd1);,f5ce018c7342584c9b15dff231cefad99b53a9e8e8a897e85184dde4871fc3a4
/home/capstone/Desktop/root/apparmor-2.13.3_pure/tests/regression/apparmor/socketpair.c,107,2,2,buffer,char,"Statically-sized arrays can be improperly restricted, leading to potential overflows or other issues (CWE-119!/CWE-120)","Perform bounds checking, use functions that limit length, or ensure that the size is larger than the maximum possible length",,CWE-119!/CWE-120,	char fd_str[32];,41ad160e1300477ea858c53e83f52d215862d932f430dddae968f73b23be095b
/home/capstone/Desktop/root/apparmor-2.13.3_pure/tests/regression/apparmor/syscall_chroot.c,45,3,2,buffer,memcpy,Does not check for buffer overflows when copying to destination (CWE-120),Make sure destination can always hold the source data,,CWE-120,"		memcpy (&tmp->dirent, dirent, sizeof (struct dirent));",18da09f3156c8d5ab20f84f5ee5dba1d12becc02835e5dc5521eab0e16f38262
/home/capstone/Desktop/root/apparmor-2.13.3_pure/tests/regression/apparmor/syscall_query_module.c,19,2,2,buffer,char,"Statically-sized arrays can be improperly restricted, leading to potential overflows or other issues (CWE-119!/CWE-120)","Perform bounds checking, use functions that limit length, or ensure that the size is larger than the maximum possible length",,CWE-119!/CWE-120,	char buffer[BUFSIZE];,732a1e2d99d74c2ab632dd5938a095997dc4c5e63cd81724e4900809f445d8f5
/home/capstone/Desktop/root/apparmor-2.13.3_pure/tests/regression/apparmor/syscall_setdomainname.c,23,2,2,buffer,char,"Statically-sized arrays can be improperly restricted, leading to potential overflows or other issues (CWE-119!/CWE-120)","Perform bounds checking, use functions that limit length, or ensure that the size is larger than the maximum possible length",,CWE-119!/CWE-120,	char saved_domain[BUFSIZE];,c9b7fdc292a7d265c144618ed7e29ca6f88c92006456790437365065933c4520
/home/capstone/Desktop/root/apparmor-2.13.3_pure/tests/regression/apparmor/syscall_setdomainname.c,24,2,2,buffer,char,"Statically-sized arrays can be improperly restricted, leading to potential overflows or other issues (CWE-119!/CWE-120)","Perform bounds checking, use functions that limit length, or ensure that the size is larger than the maximum possible length",,CWE-119!/CWE-120,	char new_domain[BUFSIZE];,45a009d432aa3a8d23159cfe031179d6c63f8bd74edcd15773409a4fd4c4c8e1
/home/capstone/Desktop/root/apparmor-2.13.3_pure/tests/regression/apparmor/syscall_sethostname.c,23,2,2,buffer,char,"Statically-sized arrays can be improperly restricted, leading to potential overflows or other issues (CWE-119!/CWE-120)","Perform bounds checking, use functions that limit length, or ensure that the size is larger than the maximum possible length",,CWE-119!/CWE-120,	char saved_hostname[BUFSIZE];,9e5d66d604425a7dc973c973077ed1fb725a3cfc622f9ed57be9a4cde1ff4a9b
/home/capstone/Desktop/root/apparmor-2.13.3_pure/tests/regression/apparmor/syscall_sethostname.c,24,2,2,buffer,char,"Statically-sized arrays can be improperly restricted, leading to potential overflows or other issues (CWE-119!/CWE-120)","Perform bounds checking, use functions that limit length, or ensure that the size is larger than the maximum possible length",,CWE-119!/CWE-120,	char new_hostname[BUFSIZE];,476d11590c09fd1081fd7e629e313c837259cceadab551262fd2ecef3d803487
/home/capstone/Desktop/root/apparmor-2.13.3_pure/tests/regression/apparmor/sysctl_proc.c,21,2,2,buffer,char,"Statically-sized arrays can be improperly restricted, leading to potential overflows or other issues (CWE-119!/CWE-120)","Perform bounds checking, use functions that limit length, or ensure that the size is larger than the maximum possible length",,CWE-119!/CWE-120,"	char read_buffer[BUFSIZE], verify_buffer[BUFSIZE];",94fded43b78c8d91834057052526e8e21a51516e9b0a08f3c38ed4b0085e4ced
/home/capstone/Desktop/root/apparmor-2.13.3_pure/tests/regression/apparmor/sysctl_proc.c,31,8,2,misc,open,"Check when opening files - can an attacker redirect it (via symlinks), force the opening of special file type (e.g., device files), move things around to create a race condition, control its ancestors, or change its contents? (CWE-362)",,,CWE-362,"		fd = open(argv[1], O_RDONLY);",2846f69159bf967384671fa0dfd5fbd97ff2a7213dc481475627ba34d954da2e
/home/capstone/Desktop/root/apparmor-2.13.3_pure/tests/regression/apparmor/sysctl_proc.c,46,8,2,misc,open,"Check when opening files - can an attacker redirect it (via symlinks), force the opening of special file type (e.g., device files), move things around to create a race condition, control its ancestors, or change its contents? (CWE-362)",,,CWE-362,"		fd = open(argv[1], O_WRONLY);",3182b10a330f99700319283991dd105cdb14e2cc517d14c0aa4954a03fc05778
/home/capstone/Desktop/root/apparmor-2.13.3_pure/tests/regression/apparmor/sysctl_proc.c,62,8,2,misc,open,"Check when opening files - can an attacker redirect it (via symlinks), force the opening of special file type (e.g., device files), move things around to create a race condition, control its ancestors, or change its contents? (CWE-362)",,,CWE-362,"		fd = open(argv[1], O_RDWR);",923a26c14d6fac163dee9e2ee2b948f2a2e4b2c4665c3df83e13a358c84d9a92
/home/capstone/Desktop/root/apparmor-2.13.3_pure/tests/regression/apparmor/tcp.c,33,1,2,buffer,char,"Statically-sized arrays can be improperly restricted, leading to potential overflows or other issues (CWE-119!/CWE-120)","Perform bounds checking, use functions that limit length, or ensure that the size is larger than the maximum possible length",,CWE-119!/CWE-120,char data[BUFSIZE];,b1b80fa20a0a6e734db0aa62f005fe56854728964e0f1183f2ee98d24b8725c9
/home/capstone/Desktop/root/apparmor-2.13.3_pure/tests/regression/apparmor/tcp.c,107,2,2,buffer,char,"Statically-sized arrays can be improperly restricted, leading to potential overflows or other issues (CWE-119!/CWE-120)","Perform bounds checking, use functions that limit length, or ensure that the size is larger than the maximum possible length",,CWE-119!/CWE-120,	char buffer[BUFSIZE];,732a1e2d99d74c2ab632dd5938a095997dc4c5e63cd81724e4900809f445d8f5
/home/capstone/Desktop/root/apparmor-2.13.3_pure/tests/regression/apparmor/tcp.c,166,2,2,buffer,char,"Statically-sized arrays can be improperly restricted, leading to potential overflows or other issues (CWE-119!/CWE-120)","Perform bounds checking, use functions that limit length, or ensure that the size is larger than the maximum possible length",,CWE-119!/CWE-120,	char buffer[BUFSIZE];,732a1e2d99d74c2ab632dd5938a095997dc4c5e63cd81724e4900809f445d8f5
/home/capstone/Desktop/root/apparmor-2.13.3_pure/tests/regression/apparmor/tcp.c,238,7,2,misc,open,"Check when opening files - can an attacker redirect it (via symlinks), force the opening of special file type (e.g., device files), move things around to create a race condition, control its ancestors, or change its contents? (CWE-362)",,,CWE-362,"	fd = open(DATASOURCE, O_RDONLY);",6f5476ca135580deab2a21a4e756117cbc0eeee6b3f6ffa14a436825d241ea06
/home/capstone/Desktop/root/apparmor-2.13.3_pure/tests/regression/apparmor/unix_fd_client.c,29,2,2,buffer,char,"Statically-sized arrays can be improperly restricted, leading to potential overflows or other issues (CWE-119!/CWE-120)","Perform bounds checking, use functions that limit length, or ensure that the size is larger than the maximum possible length",,CWE-119!/CWE-120,"	char read_buffer[17], f_buf[255];",a064d9a035f252532c8179408b0e211e381620ec3752a4477113ffcb6ae3917f
/home/capstone/Desktop/root/apparmor-2.13.3_pure/tests/regression/apparmor/unix_fd_server.c,36,2,2,buffer,char,"Statically-sized arrays can be improperly restricted, leading to potential overflows or other issues (CWE-119!/CWE-120)","Perform bounds checking, use functions that limit length, or ensure that the size is larger than the maximum possible length",,CWE-119!/CWE-120,	char comparison_buffer[17];,d7d490e621c4a95282c682586dfb7de6b733dc97fdfbcbe22283e7b17dfc6b8d
/home/capstone/Desktop/root/apparmor-2.13.3_pure/tests/regression/apparmor/unix_fd_server.c,37,2,2,buffer,char,"Statically-sized arrays can be improperly restricted, leading to potential overflows or other issues (CWE-119!/CWE-120)","Perform bounds checking, use functions that limit length, or ensure that the size is larger than the maximum possible length",,CWE-119!/CWE-120,	char inbound_buffer[17];,7ae102fbbc1481d56b17587131580315c7748995668a4081ad4719a94cd5fa11
/home/capstone/Desktop/root/apparmor-2.13.3_pure/tests/regression/apparmor/unix_fd_server.c,48,12,2,misc,open,"Check when opening files - can an attacker redirect it (via symlinks), force the opening of special file type (e.g., device files), move things around to create a race condition, control its ancestors, or change its contents? (CWE-362)",,,CWE-362,"	if ((fd = open(argv[1], O_RDONLY)) < 0) {",294c362dbc745bd67fca3f6c19df758489d391a06a17ec84d88983f211d5515e
/home/capstone/Desktop/root/apparmor-2.13.3_pure/tests/regression/apparmor/unix_fd_server.c,124,9,2,buffer,memcpy,Does not check for buffer overflows when copying to destination (CWE-120),Make sure destination can always hold the source data,,CWE-120,"       	memcpy(CMSG_DATA(ctrl_mesg), &fd, sizeof(fd));",1c49317b46b64f7e3e00af4a0f7561509decf45eedcfc4a0fe679d4a4b92d174
/home/capstone/Desktop/root/apparmor-2.13.3_pure/tests/regression/apparmor/unix_socket.c,96,2,2,buffer,char,"Statically-sized arrays can be improperly restricted, leading to potential overflows or other issues (CWE-119!/CWE-120)","Perform bounds checking, use functions that limit length, or ensure that the size is larger than the maximum possible length",,CWE-119!/CWE-120,	char msg_buf[MSG_BUF_MAX];,83ae26b42b3246bf1039f94e55b37ca1793bc7dfab6412971ff7a21a36435efc
/home/capstone/Desktop/root/apparmor-2.13.3_pure/tests/regression/apparmor/unix_socket.c,123,3,2,buffer,memcpy,Does not check for buffer overflows when copying to destination (CWE-120),Make sure destination can always hold the source data,,CWE-120,"		memcpy(addr.sun_path, sun_path, sun_path_len);",301e7bdd0b63e08fc6e73ca3b5328499d4a4e3fb9c09f52d594edf9683938a75
/home/capstone/Desktop/root/apparmor-2.13.3_pure/tests/regression/apparmor/unix_socket.c,134,3,2,buffer,memcpy,Does not check for buffer overflows when copying to destination (CWE-120),Make sure destination can always hold the source data,,CWE-120,"		memcpy(addr.sun_path, sun_path, sun_path_len);",301e7bdd0b63e08fc6e73ca3b5328499d4a4e3fb9c09f52d594edf9683938a75
/home/capstone/Desktop/root/apparmor-2.13.3_pure/tests/regression/apparmor/unix_socket.c,153,2,2,buffer,memcpy,Does not check for buffer overflows when copying to destination (CWE-120),Make sure destination can always hold the source data,,CWE-120,"	memcpy(msg_buf, argv[3], msg_buf_len);",b83ead9a67c2a74a438268fe545c7b85caf64fa71be1ebb1cc5192f7d94cc7fa
/home/capstone/Desktop/root/apparmor-2.13.3_pure/tests/regression/apparmor/unix_socket_client.c,37,2,2,buffer,char,"Statically-sized arrays can be improperly restricted, leading to potential overflows or other issues (CWE-119!/CWE-120)","Perform bounds checking, use functions that limit length, or ensure that the size is larger than the maximum possible length",,CWE-119!/CWE-120,	char msg_buf[MSG_BUF_MAX];,83ae26b42b3246bf1039f94e55b37ca1793bc7dfab6412971ff7a21a36435efc
/home/capstone/Desktop/root/apparmor-2.13.3_pure/tests/regression/apparmor/unix_socket_client.c,71,2,2,buffer,char,"Statically-sized arrays can be improperly restricted, leading to potential overflows or other issues (CWE-119!/CWE-120)","Perform bounds checking, use functions that limit length, or ensure that the size is larger than the maximum possible length",,CWE-119!/CWE-120,	char msg_buf[MSG_BUF_MAX];,83ae26b42b3246bf1039f94e55b37ca1793bc7dfab6412971ff7a21a36435efc
/home/capstone/Desktop/root/apparmor-2.13.3_pure/tests/regression/apparmor/unix_socket_client.c,94,3,2,buffer,memcpy,Does not check for buffer overflows when copying to destination (CWE-120),Make sure destination can always hold the source data,,CWE-120,"		memcpy(addr.sun_path, peer_addr->sun_path, peer_path_len);",36cfc932ff2cd5239db47ef14f2d2a8638bc3bf55ba7b6309c5c6cc00ca6a878
/home/capstone/Desktop/root/apparmor-2.13.3_pure/tests/regression/apparmor/unix_socket_client.c,179,3,2,buffer,memcpy,Does not check for buffer overflows when copying to destination (CWE-120),Make sure destination can always hold the source data,,CWE-120,"		memcpy(peer_addr.sun_path, sun_path, sun_path_len);",167e5c8eefc84b73c265b79f967e022d6ddcc40b30e5ce9e4d442c2dddf0d4e5
/home/capstone/Desktop/root/apparmor-2.13.3_pure/tests/regression/apparmor/unix_socket_client.c,195,3,2,buffer,memcpy,Does not check for buffer overflows when copying to destination (CWE-120),Make sure destination can always hold the source data,,CWE-120,"		memcpy(peer_addr.sun_path, sun_path, sun_path_len);",167e5c8eefc84b73c265b79f967e022d6ddcc40b30e5ce9e4d442c2dddf0d4e5
/home/capstone/Desktop/root/apparmor-2.13.3_pure/tests/regression/apparmor/xattrs.c,30,2,2,buffer,char,"Statically-sized arrays can be improperly restricted, leading to potential overflows or other issues (CWE-119!/CWE-120)","Perform bounds checking, use functions that limit length, or ensure that the size is larger than the maximum possible length",,CWE-119!/CWE-120,	char name[256];,19c62a8ddc5a4443fedfdd576821b20b2ef7bed16768540672622dabf32627c6
/home/capstone/Desktop/root/apparmor-2.13.3_pure/tests/regression/apparmor/xattrs.c,44,3,2,buffer,char,"Statically-sized arrays can be improperly restricted, leading to potential overflows or other issues (CWE-119!/CWE-120)","Perform bounds checking, use functions that limit length, or ensure that the size is larger than the maximum possible length",,CWE-119!/CWE-120,		char value[256];,68a178d598774fa3a82d2b9a13b3e6f32b153e9bc08fade6f8cab6bdac114a4e
/home/capstone/Desktop/root/apparmor-2.13.3_pure/tests/stress/subdomain/change_hat.c,33,7,2,misc,open,"Check when opening files - can an attacker redirect it (via symlinks), force the opening of special file type (e.g., device files), move things around to create a race condition, control its ancestors, or change its contents? (CWE-362)",,,CWE-362,"	fd = open(o_file, O_RDONLY);",7f8047a7f701ca036b525649f7ff66c171829789a004ee10fc5b3b6c848b5273
/home/capstone/Desktop/root/apparmor-2.13.3_pure/tests/stress/subdomain/change_hat.c,46,7,2,misc,open,"Check when opening files - can an attacker redirect it (via symlinks), force the opening of special file type (e.g., device files), move things around to create a race condition, control its ancestors, or change its contents? (CWE-362)",,,CWE-362,"	fd = open(o_file, O_RDONLY);",7f8047a7f701ca036b525649f7ff66c171829789a004ee10fc5b3b6c848b5273
/home/capstone/Desktop/root/apparmor-2.13.3_pure/tests/stress/subdomain/open.c,21,8,2,misc,open,"Check when opening files - can an attacker redirect it (via symlinks), force the opening of special file type (e.g., device files), move things around to create a race condition, control its ancestors, or change its contents? (CWE-362)",,,CWE-362,"		fd = open(o_file, O_RDONLY);",7f8047a7f701ca036b525649f7ff66c171829789a004ee10fc5b3b6c848b5273
/home/capstone/Desktop/root/apparmor-2.13.3_pure/binutils/aa_exec.c,161,23,1,buffer,strlen,Does not handle strings that are not \0-terminated; if given one it may perform an over-read (it could cause a crash if unprotected) (CWE-126),,,CWE-126,		required_len += 1 + strlen(namespace) + 3; /* :<NAMESPACE>:// */,1908b037f2369b84228bc46ba905a451e8f5be9006ed48c4cdef016be513b981
/home/capstone/Desktop/root/apparmor-2.13.3_pure/binutils/aa_exec.c,164,19,1,buffer,strlen,Does not handle strings that are not \0-terminated; if given one it may perform an over-read (it could cause a crash if unprotected) (CWE-126),,,CWE-126,		required_len += strlen(profile);,e7db5b7c5a645f4040c457747de442b52b11b4ad40a2b05c72acb294f3853886
/home/capstone/Desktop/root/apparmor-2.13.3_pure/binutils/aa_exec.c,172,3,1,buffer,strcat,Does not check for buffer overflows when concatenating to destination [MS-banned] (CWE-120),"Consider using strcat_s, strncat, strlcat, or snprintf (warning: strncat is easily misused)",Risk is low because the source is a constant character.,CWE-120,"		strcat(name, "":"");",9ddc0d5d20a66feacebae82b41fec709bb6cf0b1d6043987e6d4d44516e727d0
/home/capstone/Desktop/root/apparmor-2.13.3_pure/changehat/pam_apparmor/get_options.c,67,45,1,buffer,strlen,Does not handle strings that are not \0-terminated; if given one it may perform an over-read (it could cause a crash if unprotected) (CWE-126),,,CWE-126,"	} else if (strncasecmp(argv, ORDER_PREFIX, strlen(ORDER_PREFIX)) != 0) {",45dc378902604a7869bc8ce41f1288dafdea37f1aff92035349e77f6a3612e3b
/home/capstone/Desktop/root/apparmor-2.13.3_pure/changehat/pam_apparmor/get_options.c,72,16,1,buffer,strlen,Does not handle strings that are not \0-terminated; if given one it may perform an over-read (it could cause a crash if unprotected) (CWE-126),,,CWE-126,	opts = argv + strlen(ORDER_PREFIX);,5d5a0d1042c82170ed0c3b23113f895c753e1093a756230663e42f9f64d8c0c9
/home/capstone/Desktop/root/apparmor-2.13.3_pure/changehat/pam_apparmor/get_options.c,137,12,1,buffer,strlen,Does not handle strings that are not \0-terminated; if given one it may perform an over-read (it could cause a crash if unprotected) (CWE-126),,,CWE-126,			opts += strlen(opts);,2490a47887775721c18dee2ac22a14cc38c6a140da6823eefaabd6749b4d506f
/home/capstone/Desktop/root/apparmor-2.13.3_pure/libraries/libapparmor/src/features.c,136,9,1,buffer,read,"Check buffer boundaries if used in a loop including recursive loops (CWE-120, CWE-20)",,,"CWE-120, CWE-20","		len = read(file, pos, size);",4f73aa5516320fec95557287ceca917223bcdac2baa09ab77ebd0b4306f36bff
/home/capstone/Desktop/root/apparmor-2.13.3_pure/libraries/libapparmor/src/features.c,170,23,1,buffer,strlen,Does not handle strings that are not \0-terminated; if given one it may perform an over-read (it could cause a crash if unprotected) (CWE-126),,,CWE-126,	if (*name == '.' || !strlen(name)),4e2a313fd0628d9659ec33fdca006bc4fa621b0804f99e4bab2192f4d56d3bfd
/home/capstone/Desktop/root/apparmor-2.13.3_pure/libraries/libapparmor/src/features.c,217,15,1,buffer,strlen,Does not handle strings that are not \0-terminated; if given one it may perform an over-read (it could cause a crash if unprotected) (CWE-126),,,CWE-126,	size_t len = strlen(string);,db59996978adfa6bf6806dbc4402835fa371f119d0a3bdf81c86db8323935e5a
/home/capstone/Desktop/root/apparmor-2.13.3_pure/libraries/libapparmor/src/features.c,557,9,1,buffer,strlen,Does not handle strings that are not \0-terminated; if given one it may perform an over-read (it could cause a crash if unprotected) (CWE-126),,,CWE-126,	size = strlen(string);,bd1c92657a96d1bdadd9ec6b6c6e412cbca1daec65548b154d642fa55dbdab91
/home/capstone/Desktop/root/apparmor-2.13.3_pure/libraries/libapparmor/src/kernel.c,48,26,1,buffer,strlen,Does not handle strings that are not \0-terminated; if given one it may perform an over-read (it could cause a crash if unprotected) (CWE-126),,,CWE-126,#define UNCONFINED_SIZE		strlen(UNCONFINED),9f1788909aff43c3087ffe38aa5dc7619f1fe9002ccaa7cdb537679a0bf7bd95
/home/capstone/Desktop/root/apparmor-2.13.3_pure/libraries/libapparmor/src/kernel.c,127,9,1,buffer,read,"Check buffer boundaries if used in a loop including recursive loops (CWE-120, CWE-20)",,,"CWE-120, CWE-20","	size = read(fd, &buffer, 2);",ca0f35acb96332aa227af8a036a3196293b7e3b2a919d90a3558d8f795b19eae
/home/capstone/Desktop/root/apparmor-2.13.3_pure/libraries/libapparmor/src/kernel.c,241,23,1,buffer,strlen,Does not handle strings that are not \0-terminated; if given one it may perform an over-read (it could cause a crash if unprotected) (CWE-126),,,CWE-126,"	return splitcon(con, strlen(con), true, mode);",7c0d6a019d40057562a787d4b60cf2552577c8a8d8a849e0b66a6da1de5f3c64
/home/capstone/Desktop/root/apparmor-2.13.3_pure/libraries/libapparmor/src/kernel.c,279,9,1,buffer,read,"Check buffer boundaries if used in a loop including recursive loops (CWE-120, CWE-20)",,,"CWE-120, CWE-20","		ret = read(fd, tmp, len);",ef4007965bd803bb33817cf75ce3567bb0336d943ff50bd4dffdeb00efe14aca
/home/capstone/Desktop/root/apparmor-2.13.3_pure/libraries/libapparmor/src/kernel.c,537,9,1,buffer,strlen,Does not handle strings that are not \0-terminated; if given one it may perform an over-read (it could cause a crash if unprotected) (CWE-126),,,CWE-126,	size = strlen(cmd) + 18 + totallen + 1;,849fd2e76c4193926c52f3e1a0563c66e7909fbd7799cb0c2f022b88e9eca736
/home/capstone/Desktop/root/apparmor-2.13.3_pure/libraries/libapparmor/src/kernel.c,547,14,1,buffer,strlen,Does not handle strings that are not \0-terminated; if given one it may perform an over-read (it could cause a crash if unprotected) (CWE-126),,,CWE-126,	pos = buf + strlen(buf);,384627d5e0259fc0c7905a8fd5ac0c6125b32617c4478c4eca7377eeecb7756e
/home/capstone/Desktop/root/apparmor-2.13.3_pure/libraries/libapparmor/src/kernel.c,551,11,1,buffer,strlen,Does not handle strings that are not \0-terminated; if given one it may perform an over-read (it could cause a crash if unprotected) (CWE-126),,,CWE-126,			pos += strlen(*hats) + 1;,786a60c8158c36ea2c96fea825dd03e8efb406c66c6da670fe8df6e11d469b32
/home/capstone/Desktop/root/apparmor-2.13.3_pure/libraries/libapparmor/src/kernel.c,863,8,1,buffer,read,"Check buffer boundaries if used in a loop including recursive loops (CWE-120, CWE-20)",,,"CWE-120, CWE-20","	ret = read(fd, buf, QUERY_LABEL_REPLY_LEN);",46051998f2f6dd9b8c7efefbae0fe2a8daf2f79a2215fa811877d83b032ec67b
/home/capstone/Desktop/root/apparmor-2.13.3_pure/libraries/libapparmor/src/kernel.c,947,45,1,buffer,strlen,Does not handle strings that are not \0-terminated; if given one it may perform an over-read (it could cause a crash if unprotected) (CWE-126),,,CWE-126,"	return aa_query_file_path_len(mask, label, strlen(label), path,",c9d2dee8be2901ad35841b177ea005c7b151092d4b7e3807f8d3b2dee823d379
/home/capstone/Desktop/root/apparmor-2.13.3_pure/libraries/libapparmor/src/kernel.c,948,11,1,buffer,strlen,Does not handle strings that are not \0-terminated; if given one it may perform an over-read (it could cause a crash if unprotected) (CWE-126),,,CWE-126,"				      strlen(path), allowed, audited);",141128ce386eb0b3d1e81f489273d66325eb5a93bd3a260547a0937e13c907dd
/home/capstone/Desktop/root/apparmor-2.13.3_pure/libraries/libapparmor/src/kernel.c,1020,39,1,buffer,strlen,Does not handle strings that are not \0-terminated; if given one it may perform an over-read (it could cause a crash if unprotected) (CWE-126),,,CWE-126,"	return aa_query_link_path_len(label, strlen(label), target,",5b1f8546a47782fb9af26d6bce0ab766abf378db0642dd81634ce0d5c011fdf7
/home/capstone/Desktop/root/apparmor-2.13.3_pure/libraries/libapparmor/src/kernel.c,1021,11,1,buffer,strlen,Does not handle strings that are not \0-terminated; if given one it may perform an over-read (it could cause a crash if unprotected) (CWE-126),,,CWE-126,"				      strlen(target), link, strlen(link),",737902520554bf4204b8a4e860ca8d4c0109ca6d40416ab437b610c811cec70a
/home/capstone/Desktop/root/apparmor-2.13.3_pure/libraries/libapparmor/src/kernel.c,1021,33,1,buffer,strlen,Does not handle strings that are not \0-terminated; if given one it may perform an over-read (it could cause a crash if unprotected) (CWE-126),,,CWE-126,"				      strlen(target), link, strlen(link),",737902520554bf4204b8a4e860ca8d4c0109ca6d40416ab437b610c811cec70a
/home/capstone/Desktop/root/apparmor-2.13.3_pure/libraries/libapparmor/src/kernel_interface.c,173,11,1,buffer,read,"Check buffer boundaries if used in a loop including recursive loops (CWE-120, CWE-20)",,,"CWE-120, CWE-20","		rsize = read(fd, buffer + size, asize - size);",3c0e4f65db7b3030c74e6124bbb84c86325c4cad0ebf673127331332019be99a
/home/capstone/Desktop/root/apparmor-2.13.3_pure/libraries/libapparmor/src/kernel_interface.c,388,18,1,buffer,strlen,Does not handle strings that are not \0-terminated; if given one it may perform an over-read (it could cause a crash if unprotected) (CWE-126),,,CWE-126,"					    fqname, strlen(fqname) + 1);",9f90de55707967dd448ec122a04e5b82c3460215fe1f76103f90f60776f3d488
/home/capstone/Desktop/root/apparmor-2.13.3_pure/libraries/libapparmor/src/libaalogparse.c,139,8,1,buffer,strlen,Does not handle strings that are not \0-terminated; if given one it may perform an over-read (it could cause a crash if unprotected) (CWE-126),,,CWE-126,	len = strlen(hexstring) / 2;,f7be9febcf6224f8587994cb3068794cb2d597db07dc708e5e0461f20f4881ca
/home/capstone/Desktop/root/apparmor-2.13.3_pure/libraries/libapparmor/src/private.c,129,20,1,buffer,strlen,Does not handle strings that are not \0-terminated; if given one it may perform an over-read (it could cause a crash if unprotected) (CWE-126),,,CWE-126,	size_t name_len = strlen(name);,ddef90b9999538f13fe46ae55a1647847ad42fbcbe3d51b241107b535b9de2bc
/home/capstone/Desktop/root/apparmor-2.13.3_pure/libraries/libapparmor/src/tst_kernel.c,86,26,1,buffer,strlen,Does not handle strings that are not \0-terminated; if given one it may perform an over-read (it could cause a crash if unprotected) (CWE-126),,,CWE-126,		size_t sz = size < 0 ? strlen(con) : size;		\,a6ece16f892e94ed70a19a5b03cb88bcd126c232e934d33093da62caaaeb8e31
/home/capstone/Desktop/root/apparmor-2.13.3_pure/parser/common_optarg.c,111,7,1,buffer,strlen,Does not handle strings that are not \0-terminated; if given one it may perform an over-read (it could cause a crash if unprotected) (CWE-126),,,CWE-126,		if (strlen(table[i].option) > longest),4cd72de85c5adfcd2094d54b92e2deb2abd1812134af2bd952390cc38b9b3be7
/home/capstone/Desktop/root/apparmor-2.13.3_pure/parser/common_optarg.c,112,14,1,buffer,strlen,Does not handle strings that are not \0-terminated; if given one it may perform an over-read (it could cause a crash if unprotected) (CWE-126),,,CWE-126,			longest = strlen(table[i].option);,47f2e21831f90a96f006685d9d83ea3a45abe6b65f2e47e6a8430f36a5a3497c
/home/capstone/Desktop/root/apparmor-2.13.3_pure/parser/lib.c,394,34,1,buffer,strlen,Does not handle strings that are not \0-terminated; if given one it may perform an over-read (it could cause a crash if unprotected) (CWE-126),,,CWE-126,"		retval = strn_escseq(&pos, """", strlen(t->test));",2af0166a35ab392fb2e11b8f00fc6a03774a8d06f6d704e88c7eaf7ccdf938c2
/home/capstone/Desktop/root/apparmor-2.13.3_pure/parser/lib.c,401,34,1,buffer,strlen,Does not handle strings that are not \0-terminated; if given one it may perform an over-read (it could cause a crash if unprotected) (CWE-126),,,CWE-126,"		retval = strn_escseq(&pos, """", strlen(t->test));",2af0166a35ab392fb2e11b8f00fc6a03774a8d06f6d704e88c7eaf7ccdf938c2
/home/capstone/Desktop/root/apparmor-2.13.3_pure/parser/lib.c,405,44,1,buffer,strlen,Does not handle strings that are not \0-terminated; if given one it may perform an over-read (it could cause a crash if unprotected) (CWE-126),,,CWE-126,"		retval = strn_escseq(&pos, ""*+.|^-[]()"", strlen(t->test));",134c6ef4b31d2148d3eaad83a1c430a61431a7acdb71c73def720c01952ab0c3
/home/capstone/Desktop/root/apparmor-2.13.3_pure/parser/libapparmor_re/chfa.cc,403,57,1,buffer,strlen,Does not handle strings that are not \0-terminated; if given one it may perform an over-read (it could cause a crash if unprotected) (CWE-126),,,CWE-126,	size_t hsize = pad64(sizeof(th) + sizeof(th_version) + strlen(name) + 1);,09c3c3e0405c6d01eaf395209b435636c78da7d4ac3278348011f2c65e7a8f0e
/home/capstone/Desktop/root/apparmor-2.13.3_pure/parser/libapparmor_re/chfa.cc,417,49,1,buffer,strlen,Does not handle strings that are not \0-terminated; if given one it may perform an over-read (it could cause a crash if unprotected) (CWE-126),,,CWE-126,	os << fill64(sizeof(th) + sizeof(th_version) + strlen(name) + 1);,111ca0c6fcaf7b96f341f41884884970ba9001e128bff0436496104df5778fe9
/home/capstone/Desktop/root/apparmor-2.13.3_pure/parser/network.c,172,8,1,buffer,read,"Check buffer boundaries if used in a loop including recursive loops (CWE-120, CWE-20)",,,"CWE-120, CWE-20","	res = read(fd, &buffer, sizeof(buffer) - 1);",2f1493e556bbbb9105f16cf2bcf9a97a6b7d4cf18b9dde1c4c1e503fd4668d03
/home/capstone/Desktop/root/apparmor-2.13.3_pure/parser/parser_alias.c,98,12,1,buffer,strlen,Does not handle strings that are not \0-terminated; if given one it may perform an over-read (it could cause a crash if unprotected) (CWE-126),,,CWE-126,	int len = strlen(target) - strlen(alias->from) + strlen(alias->to);,df564b98b81ee80cad6f385f24371ce6efc5f8a5ae4b42a0ac9f15c0ba084bcc
/home/capstone/Desktop/root/apparmor-2.13.3_pure/parser/parser_alias.c,98,29,1,buffer,strlen,Does not handle strings that are not \0-terminated; if given one it may perform an over-read (it could cause a crash if unprotected) (CWE-126),,,CWE-126,	int len = strlen(target) - strlen(alias->from) + strlen(alias->to);,df564b98b81ee80cad6f385f24371ce6efc5f8a5ae4b42a0ac9f15c0ba084bcc
/home/capstone/Desktop/root/apparmor-2.13.3_pure/parser/parser_alias.c,98,51,1,buffer,strlen,Does not handle strings that are not \0-terminated; if given one it may perform an over-read (it could cause a crash if unprotected) (CWE-126),,,CWE-126,	int len = strlen(target) - strlen(alias->from) + strlen(alias->to);,df564b98b81ee80cad6f385f24371ce6efc5f8a5ae4b42a0ac9f15c0ba084bcc
/home/capstone/Desktop/root/apparmor-2.13.3_pure/parser/parser_alias.c,104,41,1,buffer,strlen,Does not handle strings that are not \0-terminated; if given one it may perform an over-read (it could cause a crash if unprotected) (CWE-126),,,CWE-126,"	sprintf(n, ""%s%s"", alias->to, target + strlen(alias->from));",13547b62891fdb04e9d002d59c2ff9784371632a75cf53b4afa7e5fc447bfa64
/home/capstone/Desktop/root/apparmor-2.13.3_pure/parser/parser_alias.c,120,8,1,buffer,strlen,Does not handle strings that are not \0-terminated; if given one it may perform an over-read (it could cause a crash if unprotected) (CWE-126),,,CWE-126,	len = strlen((*t)->from);,8573c6593071cf52e6ac9c5dd52bfd2c31fe74aa6298c279dcff3b76d1af19e9
/home/capstone/Desktop/root/apparmor-2.13.3_pure/parser/parser_alias.c,165,8,1,buffer,strlen,Does not handle strings that are not \0-terminated; if given one it may perform an over-read (it could cause a crash if unprotected) (CWE-126),,,CWE-126,	len = strlen((*t)->from);,8573c6593071cf52e6ac9c5dd52bfd2c31fe74aa6298c279dcff3b76d1af19e9
/home/capstone/Desktop/root/apparmor-2.13.3_pure/parser/parser_include.c,119,11,1,buffer,strlen,Does not handle strings that are not \0-terminated; if given one it may perform an over-read (it could cause a crash if unprotected) (CWE-126),,,CWE-126,	for (i = strlen(t) - 1; i >= 0 && t[i] == '/'; i--),040e16c565b789b21ee41efebf7bc2ca3f6cd5f9ef98efc4b95dc3fa0d8b03bb
/home/capstone/Desktop/root/apparmor-2.13.3_pure/parser/parser_include.c,148,8,1,buffer,strlen,Does not handle strings that are not \0-terminated; if given one it may perform an over-read (it could cause a crash if unprotected) (CWE-126),,,CWE-126,	len = strlen(dir);,aabdc2b4772ee16178d5654f7c46c36235448b06685a4a8e9838fa3b890e0ad1
/home/capstone/Desktop/root/apparmor-2.13.3_pure/parser/parser_include.c,244,15,1,buffer,fgetc,"Check buffer boundaries if used in a loop including recursive loops (CWE-120, CWE-20)",,,"CWE-120, CWE-20",	while (((c = fgetc(f)) != EOF) && (c != '\n'),5454fcbc8394de02577e273cdcec58edfcde37677e09f08662ce0970f0ec6b14
/home/capstone/Desktop/root/apparmor-2.13.3_pure/parser/parser_include.c,245,13,1,buffer,strlen,Does not handle strings that are not \0-terminated; if given one it may perform an over-read (it could cause a crash if unprotected) (CWE-126),,,CWE-126,	       && (strlen(buffer) < len - 1)) {,7c8d6088676b28abffb3d945c5113dfc0edb6b35f7e9254c0cc59c5d8cc569a4
/home/capstone/Desktop/root/apparmor-2.13.3_pure/parser/parser_include.c,264,9,1,buffer,strlen,Does not handle strings that are not \0-terminated; if given one it may perform an over-read (it could cause a crash if unprotected) (CWE-126),,,CWE-126,	return strlen(t);,3817c0db16d46ddaf4f104eb0ec70e3928b025a78d6699fc43e313ed3b961a12
/home/capstone/Desktop/root/apparmor-2.13.3_pure/parser/parser_interface.c,248,19,1,buffer,strlen,Does not handle strings that are not \0-terminated; if given one it may perform an over-read (it could cause a crash if unprotected) (CWE-126),,,CWE-126,"		sd_write16(buf, strlen(name) + 1);",5fc5e1449f4b04db53a507b4f3ed867be594a728903c9959d6709032707c7ff2
/home/capstone/Desktop/root/apparmor-2.13.3_pure/parser/parser_interface.c,249,19,1,buffer,strlen,Does not handle strings that are not \0-terminated; if given one it may perform an over-read (it could cause a crash if unprotected) (CWE-126),,,CWE-126,"		buf.write(name, strlen(name) + 1);",9beeba05eff58fbde6b8d369bebbbbd694f48d1b8df3edd0359531671b204af2
/home/capstone/Desktop/root/apparmor-2.13.3_pure/parser/parser_interface.c,286,24,1,buffer,strlen,Does not handle strings that are not \0-terminated; if given one it may perform an over-read (it could cause a crash if unprotected) (CWE-126),,,CWE-126,"	sd_write_strn(buf, b, strlen(b) + 1, name);",e5242b32050df2d6e87a840cfb34dde8b8ad4cc6fb2ef2098ae2cf464192a9ad
/home/capstone/Desktop/root/apparmor-2.13.3_pure/parser/parser_interface.c,358,13,1,buffer,strlen,Does not handle strings that are not \0-terminated; if given one it may perform an over-read (it could cause a crash if unprotected) (CWE-126),,,CWE-126,		int len = strlen(table[i]) + 1;,1cec87d57de830bede3c25e3dae32d7956b0d83afda52c922b75b6fd24a0f594
/home/capstone/Desktop/root/apparmor-2.13.3_pure/parser/parser_interface.c,381,45,1,buffer,strlen,Does not handle strings that are not \0-terminated; if given one it may perform an over-read (it could cause a crash if unprotected) (CWE-126),,,CWE-126,		autofree char *name = (char *) malloc(3 + strlen(profile->name) + strlen(profile->parent->name));,99fc6b4e4a58f466548d95eaf7caacd5637f4c62b1dbdef0427c966451c2d78b
/home/capstone/Desktop/root/apparmor-2.13.3_pure/parser/parser_interface.c,381,69,1,buffer,strlen,Does not handle strings that are not \0-terminated; if given one it may perform an over-read (it could cause a crash if unprotected) (CWE-126),,,CWE-126,		autofree char *name = (char *) malloc(3 + strlen(profile->name) + strlen(profile->parent->name));,99fc6b4e4a58f466548d95eaf7caacd5637f4c62b1dbdef0427c966451c2d78b
/home/capstone/Desktop/root/apparmor-2.13.3_pure/parser/parser_main.c,335,9,1,buffer,strlen,Does not handle strings that are not \0-terminated; if given one it may perform an over-read (it could cause a crash if unprotected) (CWE-126),,,CWE-126,		len = strlen(save) - 1;,b57fbeb33fbf0520e8718ddaa65a96146c9c317cca4e1fed9b6e7147ac605f6b
/home/capstone/Desktop/root/apparmor-2.13.3_pure/parser/parser_main.c,345,8,1,buffer,strlen,Does not handle strings that are not \0-terminated; if given one it may perform an over-read (it could cause a crash if unprotected) (CWE-126),,,CWE-126,		if (!strlen(save)) {,c2e18c97bcd4d24f8cb047ed702e933894605c6a63a376f593d33a31f1478e86
/home/capstone/Desktop/root/apparmor-2.13.3_pure/parser/parser_main.c,530,15,1,buffer,strlen,Does not handle strings that are not \0-terminated; if given one it may perform an over-read (it could cause a crash if unprotected) (CWE-126),,,CWE-126,"						optarg, strlen(optarg))) {",e6c16377410052996676906a4398a2d0c27c1e3b2cb334e23ba247bfdae4ce30
/home/capstone/Desktop/root/apparmor-2.13.3_pure/parser/parser_misc.c,212,5,1,buffer,strncpy,Easily used incorrectly; doesn't always \0-terminate or check for invalid pointers [MS-banned] (CWE-120),,,CWE-120,"				strncpy(s, string, pos - string);",9ba0ea7f317f5fab51626485b6aaf064ef898f0df6718a14737b4d101433863c
/home/capstone/Desktop/root/apparmor-2.13.3_pure/parser/parser_misc.c,265,12,1,buffer,strlen,Does not handle strings that are not \0-terminated; if given one it may perform an over-read (it could cause a crash if unprotected) (CWE-126),,,CWE-126,	int len = strlen(var);,5c6b2879d542b75e7b2711a2dd0acf82c2456119745fcc3eeecb2c68a55b001f
/home/capstone/Desktop/root/apparmor-2.13.3_pure/parser/parser_misc.c,646,14,1,buffer,strlen,Does not handle strings that are not \0-terminated; if given one it may perform an over-read (it could cause a crash if unprotected) (CWE-126),,,CWE-126,	*name_len = strlen(name_start);,9d6ff40c40fad0869882f1b83ed751e799f8bfdcf0e682376d9783d3c3be735c
/home/capstone/Desktop/root/apparmor-2.13.3_pure/parser/parser_misc.c,1089,41,1,buffer,strlen,Does not handle strings that are not \0-terminated; if given one it may perform an over-read (it could cause a crash if unprotected) (CWE-126),,,CWE-126,"		result_str = processunquoted((input), strlen((input)));			\",13fe43a8c61b0e49352467097845cf3d34a3483ccc2669cee4882b836e660d95
/home/capstone/Desktop/root/apparmor-2.13.3_pure/parser/parser_misc.c,1129,34,1,buffer,strlen,Does not handle strings that are not \0-terminated; if given one it may perform an over-read (it could cause a crash if unprotected) (CWE-126),,,CWE-126,"	out = processquoted(teststring, strlen(teststring));",1802c6dbc5648e9ea0c6e44c2c941c515d920597fd352cceea47368c961966f3
/home/capstone/Desktop/root/apparmor-2.13.3_pure/parser/parser_misc.c,1136,34,1,buffer,strlen,Does not handle strings that are not \0-terminated; if given one it may perform an over-read (it could cause a crash if unprotected) (CWE-126),,,CWE-126,"	out = processquoted(teststring, strlen(teststring));",1802c6dbc5648e9ea0c6e44c2c941c515d920597fd352cceea47368c961966f3
/home/capstone/Desktop/root/apparmor-2.13.3_pure/parser/parser_misc.c,1143,34,1,buffer,strlen,Does not handle strings that are not \0-terminated; if given one it may perform an over-read (it could cause a crash if unprotected) (CWE-126),,,CWE-126,"	out = processquoted(teststring, strlen(teststring));",1802c6dbc5648e9ea0c6e44c2c941c515d920597fd352cceea47368c961966f3
/home/capstone/Desktop/root/apparmor-2.13.3_pure/parser/parser_misc.c,1150,34,1,buffer,strlen,Does not handle strings that are not \0-terminated; if given one it may perform an over-read (it could cause a crash if unprotected) (CWE-126),,,CWE-126,"	out = processquoted(teststring, strlen(teststring));",1802c6dbc5648e9ea0c6e44c2c941c515d920597fd352cceea47368c961966f3
/home/capstone/Desktop/root/apparmor-2.13.3_pure/parser/parser_misc.c,1157,34,1,buffer,strlen,Does not handle strings that are not \0-terminated; if given one it may perform an over-read (it could cause a crash if unprotected) (CWE-126),,,CWE-126,"	out = processquoted(teststring, strlen(teststring));",1802c6dbc5648e9ea0c6e44c2c941c515d920597fd352cceea47368c961966f3
/home/capstone/Desktop/root/apparmor-2.13.3_pure/parser/parser_misc.c,1164,34,1,buffer,strlen,Does not handle strings that are not \0-terminated; if given one it may perform an over-read (it could cause a crash if unprotected) (CWE-126),,,CWE-126,"	out = processquoted(teststring, strlen(teststring));",1802c6dbc5648e9ea0c6e44c2c941c515d920597fd352cceea47368c961966f3
/home/capstone/Desktop/root/apparmor-2.13.3_pure/parser/parser_misc.c,1171,34,1,buffer,strlen,Does not handle strings that are not \0-terminated; if given one it may perform an over-read (it could cause a crash if unprotected) (CWE-126),,,CWE-126,"	out = processquoted(teststring, strlen(teststring));",1802c6dbc5648e9ea0c6e44c2c941c515d920597fd352cceea47368c961966f3
/home/capstone/Desktop/root/apparmor-2.13.3_pure/parser/parser_misc.c,1178,34,1,buffer,strlen,Does not handle strings that are not \0-terminated; if given one it may perform an over-read (it could cause a crash if unprotected) (CWE-126),,,CWE-126,"	out = processquoted(teststring, strlen(teststring));",1802c6dbc5648e9ea0c6e44c2c941c515d920597fd352cceea47368c961966f3
/home/capstone/Desktop/root/apparmor-2.13.3_pure/parser/parser_misc.c,1185,34,1,buffer,strlen,Does not handle strings that are not \0-terminated; if given one it may perform an over-read (it could cause a crash if unprotected) (CWE-126),,,CWE-126,"	out = processquoted(teststring, strlen(teststring));",1802c6dbc5648e9ea0c6e44c2c941c515d920597fd352cceea47368c961966f3
/home/capstone/Desktop/root/apparmor-2.13.3_pure/parser/parser_misc.c,1192,34,1,buffer,strlen,Does not handle strings that are not \0-terminated; if given one it may perform an over-read (it could cause a crash if unprotected) (CWE-126),,,CWE-126,"	out = processquoted(teststring, strlen(teststring));",1802c6dbc5648e9ea0c6e44c2c941c515d920597fd352cceea47368c961966f3
/home/capstone/Desktop/root/apparmor-2.13.3_pure/parser/parser_misc.c,1199,34,1,buffer,strlen,Does not handle strings that are not \0-terminated; if given one it may perform an over-read (it could cause a crash if unprotected) (CWE-126),,,CWE-126,"	out = processquoted(teststring, strlen(teststring));",1802c6dbc5648e9ea0c6e44c2c941c515d920597fd352cceea47368c961966f3
/home/capstone/Desktop/root/apparmor-2.13.3_pure/parser/parser_misc.c,1206,34,1,buffer,strlen,Does not handle strings that are not \0-terminated; if given one it may perform an over-read (it could cause a crash if unprotected) (CWE-126),,,CWE-126,"	out = processquoted(teststring, strlen(teststring));",1802c6dbc5648e9ea0c6e44c2c941c515d920597fd352cceea47368c961966f3
/home/capstone/Desktop/root/apparmor-2.13.3_pure/parser/parser_misc.c,1213,34,1,buffer,strlen,Does not handle strings that are not \0-terminated; if given one it may perform an over-read (it could cause a crash if unprotected) (CWE-126),,,CWE-126,"	out = processquoted(teststring, strlen(teststring));",1802c6dbc5648e9ea0c6e44c2c941c515d920597fd352cceea47368c961966f3
/home/capstone/Desktop/root/apparmor-2.13.3_pure/parser/parser_misc.c,1220,34,1,buffer,strlen,Does not handle strings that are not \0-terminated; if given one it may perform an over-read (it could cause a crash if unprotected) (CWE-126),,,CWE-126,"	out = processquoted(teststring, strlen(teststring));",1802c6dbc5648e9ea0c6e44c2c941c515d920597fd352cceea47368c961966f3
/home/capstone/Desktop/root/apparmor-2.13.3_pure/parser/parser_misc.c,1227,34,1,buffer,strlen,Does not handle strings that are not \0-terminated; if given one it may perform an over-read (it could cause a crash if unprotected) (CWE-126),,,CWE-126,"	out = processquoted(teststring, strlen(teststring));",1802c6dbc5648e9ea0c6e44c2c941c515d920597fd352cceea47368c961966f3
/home/capstone/Desktop/root/apparmor-2.13.3_pure/parser/parser_policy.c,113,27,1,buffer,strlen,Does not handle strings that are not \0-terminated; if given one it may perform an over-read (it could cause a crash if unprotected) (CWE-126),,,CWE-126,			name = (char *) malloc(strlen(prof->name) + strlen(entry->nt_name),6464f268d9f3740118beec68639ad0993624b7c417d89faf8594320c582b1262
/home/capstone/Desktop/root/apparmor-2.13.3_pure/parser/parser_policy.c,113,48,1,buffer,strlen,Does not handle strings that are not \0-terminated; if given one it may perform an over-read (it could cause a crash if unprotected) (CWE-126),,,CWE-126,			name = (char *) malloc(strlen(prof->name) + strlen(entry->nt_name),6464f268d9f3740118beec68639ad0993624b7c417d89faf8594320c582b1262
/home/capstone/Desktop/root/apparmor-2.13.3_pure/parser/parser_regex.c,55,16,1,buffer,strlen,Does not handle strings that are not \0-terminated; if given one it may perform an over-read (it could cause a crash if unprotected) (CWE-126),,,CWE-126,	if (!path || (strlen(path) < 2)),f1ed83193bceed399ffba6b1fee243e6871e211f2ad02855b10c80953e1aafc8
/home/capstone/Desktop/root/apparmor-2.13.3_pure/parser/parser_regex.c,449,22,1,buffer,strlen,Does not handle strings that are not \0-terminated; if given one it may perform an over-read (it could cause a crash if unprotected) (CWE-126),,,CWE-126,		prof->xmatch_len = strlen(name);,779b1dbc9e08888838403bed319fa1c111c28e9e06248e47bd8b2f68c4bc3fa5
/home/capstone/Desktop/root/apparmor-2.13.3_pure/parser/parser_variable.c,59,24,1,buffer,strlen,Does not handle strings that are not \0-terminated; if given one it may perform an over-read (it could cause a crash if unprotected) (CWE-126),,,CWE-126,"	unsigned int offset = strlen(""@{"");",d7fe7f8bef8e0cdf29216a66c988557494f526af668ceb5bc98e2902004dc5cc
/home/capstone/Desktop/root/apparmor-2.13.3_pure/parser/parser_variable.c,71,6,1,buffer,strlen,Does not handle strings that are not \0-terminated; if given one it may perform an over-read (it could cause a crash if unprotected) (CWE-126),,,CWE-126,	if (strlen(var_end + 1) != 0) {,5631ed4763c4c5e2e1d0df86a7bb295c8e9ccc61af430429d3d060649e0bc5e6
/home/capstone/Desktop/root/apparmor-2.13.3_pure/parser/parser_variable.c,191,45,1,buffer,strlen,Does not handle strings that are not \0-terminated; if given one it may perform an over-read (it could cause a crash if unprotected) (CWE-126),,,CWE-126,	if (split_var->prefix && split_var->prefix[strlen(split_var->prefix) - 1] == '/'),174dfc415d606a509d16e20e6ca12e76d901deb68ff8f6810a4b393c13d22c3a
/home/capstone/Desktop/root/apparmor-2.13.3_pure/parser/parser_variable.c,349,32,1,buffer,strlen,Does not handle strings that are not \0-terminated; if given one it may perform an over-read (it could cause a crash if unprotected) (CWE-126),,,CWE-126,"	MY_TEST(retchar - testchar == strlen(""TRUE""), ""get var end for TRUE}"");",941065524ccd2de6895fc9407449dafe2c071d3f34f5637da90480fc2517a354
/home/capstone/Desktop/root/apparmor-2.13.3_pure/parser/parser_variable.c,353,32,1,buffer,strlen,Does not handle strings that are not \0-terminated; if given one it may perform an over-read (it could cause a crash if unprotected) (CWE-126),,,CWE-126,"	MY_TEST(retchar - testchar == strlen(""some_var""), ""get var end for some_var}"");",f9c4d6f0a7d538f25daf98a06ebbe558b80948c972bde587378a012f2c4fe757
/home/capstone/Desktop/root/apparmor-2.13.3_pure/parser/parser_variable.c,357,32,1,buffer,strlen,Does not handle strings that are not \0-terminated; if given one it may perform an over-read (it could cause a crash if unprotected) (CWE-126),,,CWE-126,"	MY_TEST(retchar - testchar == strlen(""some_var""), ""get var end for some_var} 2"");",052a4f7efa597b589475426a422114717570c1e1ed51d1b7e809122474f888e4
/home/capstone/Desktop/root/apparmor-2.13.3_pure/parser/parser_variable.c,380,27,1,buffer,strlen,Does not handle strings that are not \0-terminated; if given one it may perform an over-read (it could cause a crash if unprotected) (CWE-126),,,CWE-126,	var_start = tst_string + strlen(prefix);,85032ce9965eee1033d7f1ff7178ba18e9cc51c6a34c45a397e65b03920b8911
/home/capstone/Desktop/root/apparmor-2.13.3_pure/parser/parser_variable.c,381,24,1,buffer,strlen,Does not handle strings that are not \0-terminated; if given one it may perform an over-read (it could cause a crash if unprotected) (CWE-126),,,CWE-126,"	var_end = var_start + strlen(var) + strlen(""@\{"");",6b4e36e2757b8ddf0252044dcaa332eb764931242823216b9cffa922cab67c1e
/home/capstone/Desktop/root/apparmor-2.13.3_pure/parser/parser_variable.c,381,38,1,buffer,strlen,Does not handle strings that are not \0-terminated; if given one it may perform an over-read (it could cause a crash if unprotected) (CWE-126),,,CWE-126,"	var_end = var_start + strlen(var) + strlen(""@\{"");",6b4e36e2757b8ddf0252044dcaa332eb764931242823216b9cffa922cab67c1e
/home/capstone/Desktop/root/apparmor-2.13.3_pure/parser/parser_variable.c,391,24,1,buffer,strlen,Does not handle strings that are not \0-terminated; if given one it may perform an over-read (it could cause a crash if unprotected) (CWE-126),,,CWE-126,"	var_end = var_start + strlen(var) + strlen(""@\{"");",6b4e36e2757b8ddf0252044dcaa332eb764931242823216b9cffa922cab67c1e
/home/capstone/Desktop/root/apparmor-2.13.3_pure/parser/parser_variable.c,391,38,1,buffer,strlen,Does not handle strings that are not \0-terminated; if given one it may perform an over-read (it could cause a crash if unprotected) (CWE-126),,,CWE-126,"	var_end = var_start + strlen(var) + strlen(""@\{"");",6b4e36e2757b8ddf0252044dcaa332eb764931242823216b9cffa922cab67c1e
/home/capstone/Desktop/root/apparmor-2.13.3_pure/parser/parser_variable.c,400,27,1,buffer,strlen,Does not handle strings that are not \0-terminated; if given one it may perform an over-read (it could cause a crash if unprotected) (CWE-126),,,CWE-126,	var_start = tst_string + strlen(prefix);,85032ce9965eee1033d7f1ff7178ba18e9cc51c6a34c45a397e65b03920b8911
/home/capstone/Desktop/root/apparmor-2.13.3_pure/parser/parser_variable.c,401,24,1,buffer,strlen,Does not handle strings that are not \0-terminated; if given one it may perform an over-read (it could cause a crash if unprotected) (CWE-126),,,CWE-126,"	var_end = var_start + strlen(var) + strlen(""@\{"");",6b4e36e2757b8ddf0252044dcaa332eb764931242823216b9cffa922cab67c1e
/home/capstone/Desktop/root/apparmor-2.13.3_pure/parser/parser_variable.c,401,38,1,buffer,strlen,Does not handle strings that are not \0-terminated; if given one it may perform an over-read (it could cause a crash if unprotected) (CWE-126),,,CWE-126,"	var_end = var_start + strlen(var) + strlen(""@\{"");",6b4e36e2757b8ddf0252044dcaa332eb764931242823216b9cffa922cab67c1e
/home/capstone/Desktop/root/apparmor-2.13.3_pure/parser/parser_variable.c,411,24,1,buffer,strlen,Does not handle strings that are not \0-terminated; if given one it may perform an over-read (it could cause a crash if unprotected) (CWE-126),,,CWE-126,"	var_end = var_start + strlen(var) + strlen(""@\{"");",6b4e36e2757b8ddf0252044dcaa332eb764931242823216b9cffa922cab67c1e
/home/capstone/Desktop/root/apparmor-2.13.3_pure/parser/parser_variable.c,411,38,1,buffer,strlen,Does not handle strings that are not \0-terminated; if given one it may perform an over-read (it could cause a crash if unprotected) (CWE-126),,,CWE-126,"	var_end = var_start + strlen(var) + strlen(""@\{"");",6b4e36e2757b8ddf0252044dcaa332eb764931242823216b9cffa922cab67c1e
/home/capstone/Desktop/root/apparmor-2.13.3_pure/parser/parser_variable.c,479,28,1,buffer,strlen,Does not handle strings that are not \0-terminated; if given one it may perform an over-read (it could cause a crash if unprotected) (CWE-126),,,CWE-126,"	tmp = strndup(tst_string, strlen(prefix) + 2);",7ee9ad3f06edc0924b23aa19f96ba67b31b3f5266e717b8f9904f25efdcf5e52
/home/capstone/Desktop/root/apparmor-2.13.3_pure/parser/parser_variable.c,515,28,1,buffer,strlen,Does not handle strings that are not \0-terminated; if given one it may perform an over-read (it could cause a crash if unprotected) (CWE-126),,,CWE-126,"	tmp = strndup(tst_string, strlen(prefix) + 2);",7ee9ad3f06edc0924b23aa19f96ba67b31b3f5266e717b8f9904f25efdcf5e52
/home/capstone/Desktop/root/apparmor-2.13.3_pure/tests/regression/apparmor/changehat.h,21,28,1,buffer,strlen,Does not handle strings that are not \0-terminated; if given one it may perform an over-read (it could cause a crash if unprotected) (CWE-126),,,CWE-126,"        rc=write(fd, data, strlen(data));",b698792eccd0bb9d3fb5c458f79a2b58be8327f8db6e3de572d90081a86990b4
/home/capstone/Desktop/root/apparmor-2.13.3_pure/tests/regression/apparmor/changehat.h,23,19,1,buffer,strlen,Does not handle strings that are not \0-terminated; if given one it may perform an over-read (it could cause a crash if unprotected) (CWE-126),,,CWE-126,        if (rc != strlen(data)){,3cc681facc636440c6be5a3a4dbb0d2e16c4d918a87db9ffbbc3052a68638ea5
/home/capstone/Desktop/root/apparmor-2.13.3_pure/tests/regression/apparmor/changehat.h,30,12,1,buffer,read,"Check buffer boundaries if used in a loop including recursive loops (CWE-120, CWE-20)",,,"CWE-120, CWE-20","        rc=read(fd, buf, sizeof(buf));",81aacf43258e2bf02981f8cc9851cba8646d4832737ad50eaa41df9e48ab8d2b
/home/capstone/Desktop/root/apparmor-2.13.3_pure/tests/regression/apparmor/changehat.h,32,19,1,buffer,strlen,Does not handle strings that are not \0-terminated; if given one it may perform an over-read (it could cause a crash if unprotected) (CWE-126),,,CWE-126,        if (rc != strlen(data)){,3cc681facc636440c6be5a3a4dbb0d2e16c4d918a87db9ffbbc3052a68638ea5
/home/capstone/Desktop/root/apparmor-2.13.3_pure/tests/regression/apparmor/changehat.h,38,31,1,buffer,strlen,Does not handle strings that are not \0-terminated; if given one it may perform an over-read (it could cause a crash if unprotected) (CWE-126),,,CWE-126,"        if (memcmp(buf, data, strlen(data)) != 0){",589da64a38296f85e552eefb1b4917d028f42654e8b7a7563dbc59f11ec1d752
/home/capstone/Desktop/root/apparmor-2.13.3_pure/tests/regression/apparmor/changehat_wrapper.c,70,23,1,buffer,strlen,Does not handle strings that are not \0-terminated; if given one it may perform an over-read (it could cause a crash if unprotected) (CWE-126),,,CWE-126,"	rc = write (fd, buf, strlen(buf));",06f6598ec847b803d6c4ba53bdf5e9c112d7bce99c98e3121b7fd7f8e36e43e3
/home/capstone/Desktop/root/apparmor-2.13.3_pure/tests/regression/apparmor/changehat_wrapper.c,72,12,1,buffer,strlen,Does not handle strings that are not \0-terminated; if given one it may perform an over-read (it could cause a crash if unprotected) (CWE-126),,,CWE-126,	if (rc != strlen(buf)) {,7b98830cb6deea06ba093c2b37fdecd51c49d11c8db540f80fb010ea8d316af8
/home/capstone/Desktop/root/apparmor-2.13.3_pure/tests/regression/apparmor/changehat_wrapper.c,104,22,1,buffer,strlen,Does not handle strings that are not \0-terminated; if given one it may perform an over-read (it could cause a crash if unprotected) (CWE-126),,,CWE-126,					(char *) malloc(strlen(optarg) + 1);,8432dee7da5abe0fa1569c1b1e2d037e5dfcdb3c0f1a1148c4d3b1088aa32362
/home/capstone/Desktop/root/apparmor-2.13.3_pure/tests/regression/apparmor/changehat_wrapper.c,143,3,1,buffer,read,"Check buffer boundaries if used in a loop including recursive loops (CWE-120, CWE-20)",,,"CWE-120, CWE-20","		read(filedes[0], &buf, sizeof(buf));",02da271865c4247f80fe4bde7e72aab848f7463cecfd48935e295c3fdc5b0b03
/home/capstone/Desktop/root/apparmor-2.13.3_pure/tests/regression/apparmor/changehat_wrapper.c,152,26,1,buffer,strlen,Does not handle strings that are not \0-terminated; if given one it may perform an over-read (it could cause a crash if unprotected) (CWE-126),,,CWE-126,		char * pname = malloc (strlen(argv[optind]) + 3);,cb11038fb8b9349777d65494633d42d69c360a623346839593b30e42f25d1e56
/home/capstone/Desktop/root/apparmor-2.13.3_pure/tests/regression/apparmor/clone.c,49,35,1,buffer,strlen,Does not handle strings that are not \0-terminated; if given one it may perform an over-read (it could cause a crash if unprotected) (CWE-126),,,CWE-126,"	rc = write(filedes[1], ""PASS\n"", strlen(""PASS\n""));",5ba5e17e5fda415b126aa6a5829eae0dae4444853656f6da3f396b536caeabd9
/home/capstone/Desktop/root/apparmor-2.13.3_pure/tests/regression/apparmor/clone.c,100,2,1,buffer,read,"Check buffer boundaries if used in a loop including recursive loops (CWE-120, CWE-20)",,,"CWE-120, CWE-20","	read(filedes[0], &buf, sizeof(buf));",02da271865c4247f80fe4bde7e72aab848f7463cecfd48935e295c3fdc5b0b03
/home/capstone/Desktop/root/apparmor-2.13.3_pure/tests/regression/apparmor/deleted.c,56,30,1,buffer,strlen,Does not handle strings that are not \0-terminated; if given one it may perform an over-read (it could cause a crash if unprotected) (CWE-126),,,CWE-126,"        rc = write(fd, data, strlen(data));",90377116010b461ce284193c83258d30b5e8f78acf40b6277f4be4e562e2343c
/home/capstone/Desktop/root/apparmor-2.13.3_pure/tests/regression/apparmor/deleted.c,57,19,1,buffer,strlen,Does not handle strings that are not \0-terminated; if given one it may perform an over-read (it could cause a crash if unprotected) (CWE-126),,,CWE-126,        if (rc != strlen(data)){,3cc681facc636440c6be5a3a4dbb0d2e16c4d918a87db9ffbbc3052a68638ea5
/home/capstone/Desktop/root/apparmor-2.13.3_pure/tests/regression/apparmor/deleted.c,82,14,1,buffer,read,"Check buffer boundaries if used in a loop including recursive loops (CWE-120, CWE-20)",,,"CWE-120, CWE-20","        rc = read(fd, buf, sizeof(buf));",afd11bc9c36cda1c6f8ac44c44eb590d540e0eeb82a22e7eb4f475bdb58b2ec1
/home/capstone/Desktop/root/apparmor-2.13.3_pure/tests/regression/apparmor/deleted.c,84,19,1,buffer,strlen,Does not handle strings that are not \0-terminated; if given one it may perform an over-read (it could cause a crash if unprotected) (CWE-126),,,CWE-126,        if (rc != strlen(data)){,3cc681facc636440c6be5a3a4dbb0d2e16c4d918a87db9ffbbc3052a68638ea5
/home/capstone/Desktop/root/apparmor-2.13.3_pure/tests/regression/apparmor/deleted.c,106,12,1,buffer,read,"Check buffer boundaries if used in a loop including recursive loops (CWE-120, CWE-20)",,,"CWE-120, CWE-20","        rc=read(fd, buf, sizeof(buf));",81aacf43258e2bf02981f8cc9851cba8646d4832737ad50eaa41df9e48ab8d2b
/home/capstone/Desktop/root/apparmor-2.13.3_pure/tests/regression/apparmor/deleted.c,108,19,1,buffer,strlen,Does not handle strings that are not \0-terminated; if given one it may perform an over-read (it could cause a crash if unprotected) (CWE-126),,,CWE-126,        if (rc != strlen(data)){,3cc681facc636440c6be5a3a4dbb0d2e16c4d918a87db9ffbbc3052a68638ea5
/home/capstone/Desktop/root/apparmor-2.13.3_pure/tests/regression/apparmor/dropprivs_wrapper.c,60,18,1,buffer,strlen,Does not handle strings that are not \0-terminated; if given one it may perform an over-read (it could cause a crash if unprotected) (CWE-126),,,CWE-126,	pname = malloc (strlen(argv[1]) + 3);,d53acdcb55047c36944730bcff09cfd7d734c0c983e0f7a369b5b9950aabe7d3
/home/capstone/Desktop/root/apparmor-2.13.3_pure/tests/regression/apparmor/fd_inheritance.c,47,7,1,buffer,read,"Check buffer boundaries if used in a loop including recursive loops (CWE-120, CWE-20)",,,"CWE-120, CWE-20","	rc = read(fd, buf, BUF_LEN);",755e5cb3ca838d83438fb611fc8b5aeeacda7134590806870ff6c582306a0ff8
/home/capstone/Desktop/root/apparmor-2.13.3_pure/tests/regression/apparmor/fd_inheritor.c,46,7,1,buffer,read,"Check buffer boundaries if used in a loop including recursive loops (CWE-120, CWE-20)",,,"CWE-120, CWE-20","	rc = read(fd, buf, BUF_LEN);",755e5cb3ca838d83438fb611fc8b5aeeacda7134590806870ff6c582306a0ff8
/home/capstone/Desktop/root/apparmor-2.13.3_pure/tests/regression/apparmor/introspect.c,70,13,1,buffer,strlen,Does not handle strings that are not \0-terminated; if given one it may perform an over-read (it could cause a crash if unprotected) (CWE-126),,,CWE-126,		if (rc != strlen(profile) + strlen(mode) + 4) {,928a5312e19e0e838407ce1f3d5ad5665a1d252a9c3746b7d7b8c8eebf7cd74b
/home/capstone/Desktop/root/apparmor-2.13.3_pure/tests/regression/apparmor/introspect.c,70,31,1,buffer,strlen,Does not handle strings that are not \0-terminated; if given one it may perform an over-read (it could cause a crash if unprotected) (CWE-126),,,CWE-126,		if (rc != strlen(profile) + strlen(mode) + 4) {,928a5312e19e0e838407ce1f3d5ad5665a1d252a9c3746b7d7b8c8eebf7cd74b
/home/capstone/Desktop/root/apparmor-2.13.3_pure/tests/regression/apparmor/introspect.c,74,5,1,buffer,strlen,Does not handle strings that are not \0-terminated; if given one it may perform an over-read (it could cause a crash if unprotected) (CWE-126),,,CWE-126,"				strlen(profile) + strlen(mode) + 4, rc);",3309c8d5ab0d65b1e0d308791f93ba500f6b5ca31b608db12dd817170d7ed759
/home/capstone/Desktop/root/apparmor-2.13.3_pure/tests/regression/apparmor/introspect.c,74,23,1,buffer,strlen,Does not handle strings that are not \0-terminated; if given one it may perform an over-read (it could cause a crash if unprotected) (CWE-126),,,CWE-126,"				strlen(profile) + strlen(mode) + 4, rc);",3309c8d5ab0d65b1e0d308791f93ba500f6b5ca31b608db12dd817170d7ed759
/home/capstone/Desktop/root/apparmor-2.13.3_pure/tests/regression/apparmor/introspect.c,77,19,1,buffer,strlen,Does not handle strings that are not \0-terminated; if given one it may perform an over-read (it could cause a crash if unprotected) (CWE-126),,,CWE-126,	} else if (rc != strlen(profile) + 1) {,3eaa9b8b951ecb6c3927fe0bae610b0af0c37603bab1a6eea9195dc3da7c9722
/home/capstone/Desktop/root/apparmor-2.13.3_pure/tests/regression/apparmor/introspect.c,81,4,1,buffer,strlen,Does not handle strings that are not \0-terminated; if given one it may perform an over-read (it could cause a crash if unprotected) (CWE-126),,,CWE-126,"			strlen(profile) + 1, rc);",81b31a28bf6166a25c1a5045a1949e215647ac196ec672551010482873e66f32
/home/capstone/Desktop/root/apparmor-2.13.3_pure/tests/regression/apparmor/link_subset.c,205,41,1,buffer,strlen,Does not handle strings that are not \0-terminated; if given one it may perform an over-read (it could cause a crash if unprotected) (CWE-126),,,CWE-126,"		char *b, *buffer = malloc(MAX_PERM * (strlen(argv[2] + 2*MAX_PERM_LEN +2)));",cdaba10e10035fd4c47a43000f773e8094308ec22342b597be2087eebe89edbd
/home/capstone/Desktop/root/apparmor-2.13.3_pure/tests/regression/apparmor/link_subset.c,210,18,1,buffer,strlen,Does not handle strings that are not \0-terminated; if given one it may perform an over-read (it could cause a crash if unprotected) (CWE-126),,,CWE-126,		lname = malloc(strlen(argv[2]) + 2*MAX_PERM_LEN + 2);,d62c433acce8c81e4385409af6ac892bb92086b58e79d77e7058b780e3a0bde8
/home/capstone/Desktop/root/apparmor-2.13.3_pure/tests/regression/apparmor/link_subset.c,221,9,1,buffer,strlen,Does not handle strings that are not \0-terminated; if given one it may perform an over-read (it could cause a crash if unprotected) (CWE-126),,,CWE-126,			b += strlen(lname);,2ac86015f819b8f081d06b806914ec92a9d8e6215b29d3f46d517b2a5ec50f2e
/home/capstone/Desktop/root/apparmor-2.13.3_pure/tests/regression/apparmor/link_subset.c,228,17,1,buffer,strlen,Does not handle strings that are not \0-terminated; if given one it may perform an over-read (it could cause a crash if unprotected) (CWE-126),,,CWE-126,	tname = malloc(strlen(argv[1]) + 2*MAX_PERM_LEN + 2);,e0607257df283fe99288570656cf5718661190ea998c8d46ad3e835710546cbe
/home/capstone/Desktop/root/apparmor-2.13.3_pure/tests/regression/apparmor/link_subset.c,229,17,1,buffer,strlen,Does not handle strings that are not \0-terminated; if given one it may perform an over-read (it could cause a crash if unprotected) (CWE-126),,,CWE-126,	lname = malloc(strlen(argv[2]) + 2*MAX_PERM_LEN + 2);,d62c433acce8c81e4385409af6ac892bb92086b58e79d77e7058b780e3a0bde8
/home/capstone/Desktop/root/apparmor-2.13.3_pure/tests/regression/apparmor/mmap.c,79,27,1,buffer,strlen,Does not handle strings that are not \0-terminated; if given one it may perform an over-read (it could cause a crash if unprotected) (CWE-126),,,CWE-126,"	(void)memcpy(mptr, data, strlen(data));",356c6ca6ad65b6bbdfcb9bb0dbc9bc7ac8de85758c73522039d005e3370e32e7
/home/capstone/Desktop/root/apparmor-2.13.3_pure/tests/regression/apparmor/mmap.c,81,18,1,buffer,strlen,Does not handle strings that are not \0-terminated; if given one it may perform an over-read (it could cause a crash if unprotected) (CWE-126),,,CWE-126,"	if (msync(mptr, strlen(data), MS_SYNC) == -1){",25283da26d98f5f38fe1a28867c937ebc2f241a368f43efe1244c2353c2e7fac
/home/capstone/Desktop/root/apparmor-2.13.3_pure/tests/regression/apparmor/mmap.c,89,5,1,buffer,read,"Check buffer boundaries if used in a loop including recursive loops (CWE-120, CWE-20)",,,"CWE-120, CWE-20","	rc=read(fd, buf, strlen(data));",8ce0af3c163e0da47dd3eda1b9b5c80e77862dae51ab5aa388cd266675a37e69
/home/capstone/Desktop/root/apparmor-2.13.3_pure/tests/regression/apparmor/mmap.c,89,19,1,buffer,strlen,Does not handle strings that are not \0-terminated; if given one it may perform an over-read (it could cause a crash if unprotected) (CWE-126),,,CWE-126,"	rc=read(fd, buf, strlen(data));",8ce0af3c163e0da47dd3eda1b9b5c80e77862dae51ab5aa388cd266675a37e69
/home/capstone/Desktop/root/apparmor-2.13.3_pure/tests/regression/apparmor/mmap.c,91,12,1,buffer,strlen,Does not handle strings that are not \0-terminated; if given one it may perform an over-read (it could cause a crash if unprotected) (CWE-126),,,CWE-126,	if (rc != strlen(data)){,3cc681facc636440c6be5a3a4dbb0d2e16c4d918a87db9ffbbc3052a68638ea5
/home/capstone/Desktop/root/apparmor-2.13.3_pure/tests/regression/apparmor/mmap.c,97,24,1,buffer,strlen,Does not handle strings that are not \0-terminated; if given one it may perform an over-read (it could cause a crash if unprotected) (CWE-126),,,CWE-126,"	if (memcmp(buf, mptr, strlen(data)) != 0){",9cb93d29006ecd4ab69c971c83653ed88f4c9125f3a608f0c84ff477f573de43
/home/capstone/Desktop/root/apparmor-2.13.3_pure/tests/regression/apparmor/named_pipe.c,29,12,1,buffer,read,"Check buffer boundaries if used in a loop including recursive loops (CWE-120, CWE-20)",,,"CWE-120, CWE-20","        rc=read(fd, buf, sizeof(buf));",81aacf43258e2bf02981f8cc9851cba8646d4832737ad50eaa41df9e48ab8d2b
/home/capstone/Desktop/root/apparmor-2.13.3_pure/tests/regression/apparmor/named_pipe.c,31,19,1,buffer,strlen,Does not handle strings that are not \0-terminated; if given one it may perform an over-read (it could cause a crash if unprotected) (CWE-126),,,CWE-126,        if (rc != strlen(data)){,3cc681facc636440c6be5a3a4dbb0d2e16c4d918a87db9ffbbc3052a68638ea5
/home/capstone/Desktop/root/apparmor-2.13.3_pure/tests/regression/apparmor/named_pipe.c,37,31,1,buffer,strlen,Does not handle strings that are not \0-terminated; if given one it may perform an over-read (it could cause a crash if unprotected) (CWE-126),,,CWE-126,"        if (memcmp(buf, data, strlen(data)) != 0){",589da64a38296f85e552eefb1b4917d028f42654e8b7a7563dbc59f11ec1d752
/home/capstone/Desktop/root/apparmor-2.13.3_pure/tests/regression/apparmor/named_pipe.c,52,28,1,buffer,strlen,Does not handle strings that are not \0-terminated; if given one it may perform an over-read (it could cause a crash if unprotected) (CWE-126),,,CWE-126,"        rc=write(fd, data, strlen(data));",b698792eccd0bb9d3fb5c458f79a2b58be8327f8db6e3de572d90081a86990b4
/home/capstone/Desktop/root/apparmor-2.13.3_pure/tests/regression/apparmor/named_pipe.c,54,19,1,buffer,strlen,Does not handle strings that are not \0-terminated; if given one it may perform an over-read (it could cause a crash if unprotected) (CWE-126),,,CWE-126,        if (rc != strlen(data)){,3cc681facc636440c6be5a3a4dbb0d2e16c4d918a87db9ffbbc3052a68638ea5
/home/capstone/Desktop/root/apparmor-2.13.3_pure/tests/regression/apparmor/netdomain/test_multi_send.c,74,28,1,buffer,strlen,Does not handle strings that are not \0-terminated; if given one it may perform an over-read (it could cause a crash if unprotected) (CWE-126),,,CWE-126,"	if (sendto(sock, message, strlen(message), 0, (struct sockaddr *) &remote, sizeof(remote)) <= 0)",fe8e753a56ec1de0d7b51ede377b8dccc674aad850be9a813fbacf47c4bde41a
/home/capstone/Desktop/root/apparmor-2.13.3_pure/tests/regression/apparmor/netdomain/test_multi_send.c,115,33,1,buffer,strlen,Does not handle strings that are not \0-terminated; if given one it may perform an over-read (it could cause a crash if unprotected) (CWE-126),,,CWE-126,"        if (send(sock, message, strlen(message), 0) <= 0)",aafb261b9e7021bd37ef137a2a55f6fa147751606977080a26b4dc894b2fe34d
/home/capstone/Desktop/root/apparmor-2.13.3_pure/tests/regression/apparmor/pipe.c,34,12,1,buffer,read,"Check buffer boundaries if used in a loop including recursive loops (CWE-120, CWE-20)",,,"CWE-120, CWE-20","        rc=read(fd, buf, sizeof(buf));",81aacf43258e2bf02981f8cc9851cba8646d4832737ad50eaa41df9e48ab8d2b
/home/capstone/Desktop/root/apparmor-2.13.3_pure/tests/regression/apparmor/pipe.c,36,19,1,buffer,strlen,Does not handle strings that are not \0-terminated; if given one it may perform an over-read (it could cause a crash if unprotected) (CWE-126),,,CWE-126,        if (rc != strlen(data)){,3cc681facc636440c6be5a3a4dbb0d2e16c4d918a87db9ffbbc3052a68638ea5
/home/capstone/Desktop/root/apparmor-2.13.3_pure/tests/regression/apparmor/pipe.c,42,31,1,buffer,strlen,Does not handle strings that are not \0-terminated; if given one it may perform an over-read (it could cause a crash if unprotected) (CWE-126),,,CWE-126,"        if (memcmp(buf, data, strlen(data)) != 0){",589da64a38296f85e552eefb1b4917d028f42654e8b7a7563dbc59f11ec1d752
/home/capstone/Desktop/root/apparmor-2.13.3_pure/tests/regression/apparmor/pipe.c,57,28,1,buffer,strlen,Does not handle strings that are not \0-terminated; if given one it may perform an over-read (it could cause a crash if unprotected) (CWE-126),,,CWE-126,"        rc=write(fd, data, strlen(data));",b698792eccd0bb9d3fb5c458f79a2b58be8327f8db6e3de572d90081a86990b4
/home/capstone/Desktop/root/apparmor-2.13.3_pure/tests/regression/apparmor/pipe.c,59,19,1,buffer,strlen,Does not handle strings that are not \0-terminated; if given one it may perform an over-read (it could cause a crash if unprotected) (CWE-126),,,CWE-126,        if (rc != strlen(data)){,3cc681facc636440c6be5a3a4dbb0d2e16c4d918a87db9ffbbc3052a68638ea5
/home/capstone/Desktop/root/apparmor-2.13.3_pure/tests/regression/apparmor/pwrite.c,32,17,1,buffer,strlen,Does not handle strings that are not \0-terminated; if given one it may perform an over-read (it could cause a crash if unprotected) (CWE-126),,,CWE-126,	char in_buffer[strlen(bugger) +1];,ad7f0211e35de72dc747b989df80db5b8017bb24240e6aa6057df0115e4e598c
/home/capstone/Desktop/root/apparmor-2.13.3_pure/tests/regression/apparmor/pwrite.c,60,27,1,buffer,strlen,Does not handle strings that are not \0-terminated; if given one it may perform an over-read (it could cause a crash if unprotected) (CWE-126),,,CWE-126,"	ret = pwrite(fd, bugger, strlen(bugger), 0);",6d2cb2136777f872be3ce292ebc542e5b666373ff426940005b20194b3854bcd
/home/capstone/Desktop/root/apparmor-2.13.3_pure/tests/regression/apparmor/pwrite.c,68,20,1,buffer,strlen,Does not handle strings that are not \0-terminated; if given one it may perform an over-read (it could cause a crash if unprotected) (CWE-126),,,CWE-126,	} else if (ret != strlen(bugger)) {,77721884b9bb9ff2c471a4ff3337c28ee399b094db77a2617f23d10cbb7c5b93
/home/capstone/Desktop/root/apparmor-2.13.3_pure/tests/regression/apparmor/pwrite.c,70,9,1,buffer,strlen,Does not handle strings that are not \0-terminated; if given one it may perform an over-read (it could cause a crash if unprotected) (CWE-126),,,CWE-126,"			ret, strlen(bugger));",a2f8b5dce5244e18ee808e39c5a22c3a353a3e7c2e194517a3631fcb0b8c853c
/home/capstone/Desktop/root/apparmor-2.13.3_pure/tests/regression/apparmor/pwrite.c,75,29,1,buffer,strlen,Does not handle strings that are not \0-terminated; if given one it may perform an over-read (it could cause a crash if unprotected) (CWE-126),,,CWE-126,"	ret = pread(fd, in_buffer, strlen(bugger), 0);",e216d6573c60c3d44603a96736ba3ed199ed642874b9cb6781873ba2e3800edf
/home/capstone/Desktop/root/apparmor-2.13.3_pure/tests/regression/apparmor/pwrite.c,80,21,1,buffer,strlen,Does not handle strings that are not \0-terminated; if given one it may perform an over-read (it could cause a crash if unprotected) (CWE-126),,,CWE-126,	}  else if (ret != strlen(bugger)) {,7ac0988c58e4f9cd2b64fca8280134a696edd676b12033b7ae6725bdb91f6f93
/home/capstone/Desktop/root/apparmor-2.13.3_pure/tests/regression/apparmor/pwrite.c,82,9,1,buffer,strlen,Does not handle strings that are not \0-terminated; if given one it may perform an over-read (it could cause a crash if unprotected) (CWE-126),,,CWE-126,"			ret, strlen(bugger));",a2f8b5dce5244e18ee808e39c5a22c3a353a3e7c2e194517a3631fcb0b8c853c
/home/capstone/Desktop/root/apparmor-2.13.3_pure/tests/regression/apparmor/pwrite.c,84,39,1,buffer,strlen,Does not handle strings that are not \0-terminated; if given one it may perform an over-read (it could cause a crash if unprotected) (CWE-126),,,CWE-126,"	} else if (memcmp(bugger, in_buffer, strlen(bugger)) != 0) {",57d2b076464629177af98c5dafec6c1c57ddf3412fcdf8cc7e06046d0247e0d6
/home/capstone/Desktop/root/apparmor-2.13.3_pure/tests/regression/apparmor/query_label.c,7,25,1,buffer,strlen,Does not handle strings that are not \0-terminated; if given one it may perform an over-read (it could cause a crash if unprotected) (CWE-126),,,CWE-126,#define OPT_EXPECT_LEN		strlen(OPT_EXPECT),1a1a071646ef7c7a1bca180a61c6bf15256a55fe1cf9b0e80a68a50f114ecfe4
/home/capstone/Desktop/root/apparmor-2.13.3_pure/tests/regression/apparmor/query_label.c,10,24,1,buffer,strlen,Does not handle strings that are not \0-terminated; if given one it may perform an over-read (it could cause a crash if unprotected) (CWE-126),,,CWE-126,#define OPT_LABEL_LEN		strlen(OPT_LABEL),6b95620e850253346fc63347c25d7dd27b06c7e5a51415ec05aa74f6b23425d7
/home/capstone/Desktop/root/apparmor-2.13.3_pure/tests/regression/apparmor/query_label.c,13,27,1,buffer,strlen,Does not handle strings that are not \0-terminated; if given one it may perform an over-read (it could cause a crash if unprotected) (CWE-126),,,CWE-126,#define OPT_TYPE_DBUS_LEN	strlen(OPT_TYPE_DBUS),afd9f8f224f5630ce07a7b9de8af9fd0078f9d6015660682a4c70ecd4c600bee
/home/capstone/Desktop/root/apparmor-2.13.3_pure/tests/regression/apparmor/query_label.c,16,27,1,buffer,strlen,Does not handle strings that are not \0-terminated; if given one it may perform an over-read (it could cause a crash if unprotected) (CWE-126),,,CWE-126,#define OPT_TYPE_FILE_LEN	strlen(OPT_TYPE_FILE),9c11cea3e220b5de71bd810a4802da78b48ae64af3d91118c66dfe9b2284a8b1
/home/capstone/Desktop/root/apparmor-2.13.3_pure/tests/regression/apparmor/query_label.c,228,15,1,buffer,strlen,Does not handle strings that are not \0-terminated; if given one it may perform an over-read (it could cause a crash if unprotected) (CWE-126),,,CWE-126,	label_size = strlen(label);,4015b0449f844c78972f6483d9424be16d531968b8a03e52bf12b427e177b0b5
/home/capstone/Desktop/root/apparmor-2.13.3_pure/tests/regression/apparmor/query_label.c,232,12,1,buffer,strlen,Does not handle strings that are not \0-terminated; if given one it may perform an over-read (it could cause a crash if unprotected) (CWE-126),,,CWE-126,			size += strlen(argv[i]);,77e11603af15c650fea92acc6c17ceb3fe45a6af8491c13072d1a439ccaf6be1
/home/capstone/Desktop/root/apparmor-2.13.3_pure/tests/regression/apparmor/rw.c,62,21,1,buffer,strlen,Does not handle strings that are not \0-terminated; if given one it may perform an over-read (it could cause a crash if unprotected) (CWE-126),,,CWE-126,"	rc=write(fd, data, strlen(data));",b698792eccd0bb9d3fb5c458f79a2b58be8327f8db6e3de572d90081a86990b4
/home/capstone/Desktop/root/apparmor-2.13.3_pure/tests/regression/apparmor/rw.c,64,12,1,buffer,strlen,Does not handle strings that are not \0-terminated; if given one it may perform an over-read (it could cause a crash if unprotected) (CWE-126),,,CWE-126,	if (rc != strlen(data)){,3cc681facc636440c6be5a3a4dbb0d2e16c4d918a87db9ffbbc3052a68638ea5
/home/capstone/Desktop/root/apparmor-2.13.3_pure/tests/regression/apparmor/rw.c,71,5,1,buffer,read,"Check buffer boundaries if used in a loop including recursive loops (CWE-120, CWE-20)",,,"CWE-120, CWE-20","	rc=read(fd, buf, sizeof(buf));",81aacf43258e2bf02981f8cc9851cba8646d4832737ad50eaa41df9e48ab8d2b
/home/capstone/Desktop/root/apparmor-2.13.3_pure/tests/regression/apparmor/rw.c,73,12,1,buffer,strlen,Does not handle strings that are not \0-terminated; if given one it may perform an over-read (it could cause a crash if unprotected) (CWE-126),,,CWE-126,	if (rc != strlen(data)){,3cc681facc636440c6be5a3a4dbb0d2e16c4d918a87db9ffbbc3052a68638ea5
/home/capstone/Desktop/root/apparmor-2.13.3_pure/tests/regression/apparmor/rw.c,79,24,1,buffer,strlen,Does not handle strings that are not \0-terminated; if given one it may perform an over-read (it could cause a crash if unprotected) (CWE-126),,,CWE-126,"	if (memcmp(buf, data, strlen(data)) != 0){",589da64a38296f85e552eefb1b4917d028f42654e8b7a7563dbc59f11ec1d752
/home/capstone/Desktop/root/apparmor-2.13.3_pure/tests/regression/apparmor/socketpair.c,84,16,1,buffer,strlen,Does not handle strings that are not \0-terminated; if given one it may perform an over-read (it could cause a crash if unprotected) (CWE-126),,,CWE-126,	expected_rc = strlen(expected_label);,146438f1de3a39f2fb60e0c3efbcb667cf188a87ece6540d937b256e2c214ab5
/home/capstone/Desktop/root/apparmor-2.13.3_pure/tests/regression/apparmor/socketpair.c,87,26,1,buffer,strlen,Does not handle strings that are not \0-terminated; if given one it may perform an over-read (it could cause a crash if unprotected) (CWE-126),,,CWE-126,		expected_rc += 1 + 1 + strlen(expected_mode) + 1;,cf5e4fc3cd547bc3fa8f8d1fb220863a1853457190b8e22652fd16f409a5df9e
/home/capstone/Desktop/root/apparmor-2.13.3_pure/tests/regression/apparmor/syscall_setdomainname.c,35,11,1,buffer,strlen,Does not handle strings that are not \0-terminated; if given one it may perform an over-read (it could cause a crash if unprotected) (CWE-126),,,CWE-126,	newlen = strlen(argv[1]);,68b2a21333bff202fb097cab59a741cc19a67f8394e4a884dea7b62cbbb832a9
/home/capstone/Desktop/root/apparmor-2.13.3_pure/tests/regression/apparmor/syscall_setdomainname.c,49,29,1,buffer,strlen,Does not handle strings that are not \0-terminated; if given one it may perform an over-read (it could cause a crash if unprotected) (CWE-126),,,CWE-126,"	if (setdomainname(argv[1], strlen(argv[1])) == -1) {",b7361ba3e1275580ce0fcf7a1193e0b7fc299114e83a2a2570f0b0c8aa7e261a
/home/capstone/Desktop/root/apparmor-2.13.3_pure/tests/regression/apparmor/syscall_setdomainname.c,74,34,1,buffer,strlen,Does not handle strings that are not \0-terminated; if given one it may perform an over-read (it could cause a crash if unprotected) (CWE-126),,,CWE-126,"	if (setdomainname(saved_domain, strlen(saved_domain)) == -1) {",b561d02c4ffeb55c6c5c32d20221e2c7315c3798937adc069bf89df6ce34f3ec
/home/capstone/Desktop/root/apparmor-2.13.3_pure/tests/regression/apparmor/syscall_sethostname.c,35,11,1,buffer,strlen,Does not handle strings that are not \0-terminated; if given one it may perform an over-read (it could cause a crash if unprotected) (CWE-126),,,CWE-126,	newlen = strlen(argv[1]);,68b2a21333bff202fb097cab59a741cc19a67f8394e4a884dea7b62cbbb832a9
/home/capstone/Desktop/root/apparmor-2.13.3_pure/tests/regression/apparmor/syscall_sethostname.c,49,27,1,buffer,strlen,Does not handle strings that are not \0-terminated; if given one it may perform an over-read (it could cause a crash if unprotected) (CWE-126),,,CWE-126,"	if (sethostname(argv[1], strlen(argv[1])) == -1) {",2f319ea62b6dd6b74415208fdaa50d5ae20669ef3f231e40559a632ec3763e49
/home/capstone/Desktop/root/apparmor-2.13.3_pure/tests/regression/apparmor/syscall_sethostname.c,74,34,1,buffer,strlen,Does not handle strings that are not \0-terminated; if given one it may perform an over-read (it could cause a crash if unprotected) (CWE-126),,,CWE-126,"	if (sethostname(saved_hostname, strlen(saved_hostname)) == -1) {",33e9e8c291dd9154080ee03335237258c650af94757b0a9cd92735fbc08fd8dc
/home/capstone/Desktop/root/apparmor-2.13.3_pure/tests/regression/apparmor/sysctl_proc.c,37,15,1,buffer,read,"Check buffer boundaries if used in a loop including recursive loops (CWE-120, CWE-20)",,,"CWE-120, CWE-20","		read_size = read(fd, &read_buffer, sizeof(read_buffer));",50452a1adaa488496d52ef76d4ddf8d94dfdb6e28baa81fb8eda2aba41d458a1
/home/capstone/Desktop/root/apparmor-2.13.3_pure/tests/regression/apparmor/sysctl_proc.c,52,35,1,buffer,strlen,Does not handle strings that are not \0-terminated; if given one it may perform an over-read (it could cause a crash if unprotected) (CWE-126),,,CWE-126,"		write_size = write(fd, argv[3], strlen(argv[3]));",8dbdff2cdf1c76d5f3ad8e3887f0878ac5c8a76b6381f2d53c9b7960816e8a49
/home/capstone/Desktop/root/apparmor-2.13.3_pure/tests/regression/apparmor/sysctl_proc.c,68,15,1,buffer,read,"Check buffer boundaries if used in a loop including recursive loops (CWE-120, CWE-20)",,,"CWE-120, CWE-20","		read_size = read(fd, &read_buffer, sizeof(read_buffer));",50452a1adaa488496d52ef76d4ddf8d94dfdb6e28baa81fb8eda2aba41d458a1
/home/capstone/Desktop/root/apparmor-2.13.3_pure/tests/regression/apparmor/sysctl_proc.c,83,15,1,buffer,read,"Check buffer boundaries if used in a loop including recursive loops (CWE-120, CWE-20)",,,"CWE-120, CWE-20","		read_size = read(fd, &verify_buffer, sizeof(verify_buffer));",ea16b97c2f70c48a9ab9748d269ae9383329f51157fd5be931445ef735046a8e
/home/capstone/Desktop/root/apparmor-2.13.3_pure/tests/regression/apparmor/tcp.c,244,16,1,buffer,read,"Check buffer boundaries if used in a loop including recursive loops (CWE-120, CWE-20)",,,"CWE-120, CWE-20","	if ((retval = read(fd, data, sizeof(data))) < sizeof(data)) {",f773656dc90f7c73d40fceab3e7c881b5fd72436a72e9813934f99784495abff
/home/capstone/Desktop/root/apparmor-2.13.3_pure/tests/regression/apparmor/transition.c,31,25,1,buffer,strlen,Does not handle strings that are not \0-terminated; if given one it may perform an over-read (it could cause a crash if unprotected) (CWE-126),,,CWE-126,#define STACK_DELIM_LEN	strlen(STACK_DELIM),62814de5292eb56b7408d28504dc6aba8aa18c48698dbe82048d08c414f477e7
/home/capstone/Desktop/root/apparmor-2.13.3_pure/tests/regression/apparmor/transition.c,77,13,1,buffer,strlen,Does not handle strings that are not \0-terminated; if given one it may perform an over-read (it could cause a crash if unprotected) (CWE-126),,,CWE-126,		sl->len = strlen(sl->label);,2dafb1d2e5bd39bcb28eccb861fd1e99ff24ce4705a23924a1a61bf311cd5ad8
/home/capstone/Desktop/root/apparmor-2.13.3_pure/tests/regression/apparmor/transition.c,200,33,1,buffer,strlen,Does not handle strings that are not \0-terminated; if given one it may perform an over-read (it could cause a crash if unprotected) (CWE-126),,,CWE-126,	expected_rc = expected_label ? strlen(expected_label) : strlen(label);,4405d351c866a11f491399689bacf4802e86330d985dae7d930135a98c631bf0
/home/capstone/Desktop/root/apparmor-2.13.3_pure/tests/regression/apparmor/transition.c,200,58,1,buffer,strlen,Does not handle strings that are not \0-terminated; if given one it may perform an over-read (it could cause a crash if unprotected) (CWE-126),,,CWE-126,	expected_rc = expected_label ? strlen(expected_label) : strlen(label);,4405d351c866a11f491399689bacf4802e86330d985dae7d930135a98c631bf0
/home/capstone/Desktop/root/apparmor-2.13.3_pure/tests/regression/apparmor/transition.c,208,26,1,buffer,strlen,Does not handle strings that are not \0-terminated; if given one it may perform an over-read (it could cause a crash if unprotected) (CWE-126),,,CWE-126,		expected_rc += 1 + 1 + strlen(expected_mode) + 1;,cf5e4fc3cd547bc3fa8f8d1fb220863a1853457190b8e22652fd16f409a5df9e
/home/capstone/Desktop/root/apparmor-2.13.3_pure/tests/regression/apparmor/transition.c,210,26,1,buffer,strlen,Does not handle strings that are not \0-terminated; if given one it may perform an over-read (it could cause a crash if unprotected) (CWE-126),,,CWE-126,		expected_rc += 1 + 1 + strlen(mode) + 1;,da47af8a7f074608c52f321316451554fb50eb9b4c660543a55ede1acb9137f6
/home/capstone/Desktop/root/apparmor-2.13.3_pure/tests/regression/apparmor/unix_fd_client.c,42,8,1,buffer,strlen,Does not handle strings that are not \0-terminated; if given one it may perform an over-read (it could cause a crash if unprotected) (CWE-126),,,CWE-126,	len = strlen(remote.sun_path) + sizeof(remote.sun_family);,356ad8010efe8238ee93565772b65d939d56f5770d354495b33790c522386608
/home/capstone/Desktop/root/apparmor-2.13.3_pure/tests/regression/apparmor/unix_fd_client.c,77,27,1,buffer,strlen,Does not handle strings that are not \0-terminated; if given one it may perform an over-read (it could cause a crash if unprotected) (CWE-126),,,CWE-126,"		send(sock, read_buffer, strlen(read_buffer),0);",ffea241185564082b1132f57d105ed90b08f6729b9242d63e8fb8963bc97ab01
/home/capstone/Desktop/root/apparmor-2.13.3_pure/tests/regression/apparmor/unix_fd_server.c,78,8,1,buffer,strlen,Does not handle strings that are not \0-terminated; if given one it may perform an over-read (it could cause a crash if unprotected) (CWE-126),,,CWE-126,	len = strlen(local.sun_path) + sizeof(local.sun_family);,f017acaaad6054e5b227eb90d383b614256d64ba5470c2ed5cab994e62287e48
/home/capstone/Desktop/root/apparmor-2.13.3_pure/tests/regression/apparmor/unix_fd_server.c,112,24,1,buffer,strlen,Does not handle strings that are not \0-terminated; if given one it may perform an over-read (it could cause a crash if unprotected) (CWE-126),,,CWE-126,       	vect.iov_len = strlen(argv[2]) + 1;,5ad86e0f6b58ce0419717b6f679acfaf323db5708af661d39b90ec320182af37
/home/capstone/Desktop/root/apparmor-2.13.3_pure/tests/regression/apparmor/unix_socket.c,54,7,1,buffer,read,"Check buffer boundaries if used in a loop including recursive loops (CWE-120, CWE-20)",,,"CWE-120, CWE-20","	rc = read(peer_sock, msg_buf, msg_buf_len);",5230c89e01fad97c77ac9aa298cd0776eafdec7a31dbac69a13df24191f70af2
/home/capstone/Desktop/root/apparmor-2.13.3_pure/tests/regression/apparmor/unix_socket.c,117,17,1,buffer,strlen,Does not handle strings that are not \0-terminated; if given one it may perform an over-read (it could cause a crash if unprotected) (CWE-126),,,CWE-126,	sun_path_len = strlen(sun_path);,45604932d3334af43e2bd89e0094336aea3beb2ea22d437472c991ee731fdc90
/home/capstone/Desktop/root/apparmor-2.13.3_pure/tests/regression/apparmor/unix_socket.c,148,16,1,buffer,strlen,Does not handle strings that are not \0-terminated; if given one it may perform an over-read (it could cause a crash if unprotected) (CWE-126),,,CWE-126,	msg_buf_len = strlen(argv[3]) + 1;,fcdbdb06559f777d0052c4d0fe532b6c8e1192d5a843a61514224fc3f112c2d9
/home/capstone/Desktop/root/apparmor-2.13.3_pure/tests/regression/apparmor/unix_socket_client.c,31,29,1,buffer,strlen,Does not handle strings that are not \0-terminated; if given one it may perform an over-read (it could cause a crash if unprotected) (CWE-126),,,CWE-126,#define SUN_PATH_SUFFIX_LEN	strlen(SUN_PATH_SUFFIX),585ee8415b9925ad6f8ce684ad8792c9f230ddf784f6d1d315ce79ff7335d6e7
/home/capstone/Desktop/root/apparmor-2.13.3_pure/tests/regression/apparmor/unix_socket_client.c,52,7,1,buffer,read,"Check buffer boundaries if used in a loop including recursive loops (CWE-120, CWE-20)",,,"CWE-120, CWE-20","	rc = read(sock, msg_buf, MSG_BUF_MAX);",7ad4e81baf9a08816cd20eda0197fa921b26e84c126a887065214372515a988c
/home/capstone/Desktop/root/apparmor-2.13.3_pure/tests/regression/apparmor/unix_socket_client.c,173,17,1,buffer,strlen,Does not handle strings that are not \0-terminated; if given one it may perform an over-read (it could cause a crash if unprotected) (CWE-126),,,CWE-126,	sun_path_len = strlen(sun_path);,45604932d3334af43e2bd89e0094336aea3beb2ea22d437472c991ee731fdc90
/home/capstone/Desktop/root/apparmor-2.13.3_pure/tests/regression/apparmor/xattrs.c,18,17,1,buffer,strlen,Does not handle strings that are not \0-terminated; if given one it may perform an over-read (it could cause a crash if unprotected) (CWE-126),,,CWE-126,#define msglen (strlen(msgstring)+1),3b7f79e5eb204b618886a5ac24c223841c33b5d09c75911b66eb0a2fac811399
